,Unnamed: 0,dishwasher
4938269,4938269,105.0
4938270,4938270,13.0
4938271,4938271,13.0
4938272,4938272,13.0
4938273,4938273,13.0
4938274,4938274,13.0
4938275,4938275,13.0
4938276,4938276,13.0
4938277,4938277,13.0
4938278,4938278,13.0
4938279,4938279,14.0
4938280,4938280,14.0
4938281,4938281,14.0
4938282,4938282,15.0
4938283,4938283,16.0
4938284,4938284,16.0
4938285,4938285,16.0
4938286,4938286,17.0
4938287,4938287,17.0
4938288,4938288,17.0
4938289,4938289,17.0
4938290,4938290,16.0
4938291,4938291,15.0
4938292,4938292,13.0
4938293,4938293,13.0
4938294,4938294,12.0
4938295,4938295,12.0
4938296,4938296,12.0
4938297,4938297,13.0
4938298,4938298,13.0
4938299,4938299,14.0
4938300,4938300,14.0
4938301,4938301,15.0
4938302,4938302,15.0
4938303,4938303,16.0
4938304,4938304,16.0
4938305,4938305,17.0
4938306,4938306,17.0
4938307,4938307,17.0
4938308,4938308,17.0
4938309,4938309,17.0
4938310,4938310,16.0
4938311,4938311,14.0
4938312,4938312,13.0
4938313,4938313,12.0
4938314,4938314,12.0
4938315,4938315,13.0
4938316,4938316,13.0
4938317,4938317,14.0
4938318,4938318,14.0
4938319,4938319,14.0
4938320,4938320,15.0
4938321,4938321,15.0
4938322,4938322,16.0
4938323,4938323,17.0
4938324,4938324,17.0
4938325,4938325,17.0
4938326,4938326,16.0
4938327,4938327,15.0
4938328,4938328,13.0
4938329,4938329,12.0
4938330,4938330,13.0
4938331,4938331,12.0
4938332,4938332,13.0
4938333,4938333,13.0
4938334,4938334,14.0
4938335,4938335,14.0
4938336,4938336,15.0
4938337,4938337,16.0
4938338,4938338,16.0
4938339,4938339,17.0
4938340,4938340,17.0
4938341,4938341,17.0
4938342,4938342,16.0
4938343,4938343,14.0
4938344,4938344,13.0
4938345,4938345,13.0
4938346,4938346,13.0
4938347,4938347,13.0
4938348,4938348,13.0
4938349,4938349,14.0
4938350,4938350,14.0
4938351,4938351,14.0
4938352,4938352,15.0
4938353,4938353,15.0
4938354,4938354,16.0
4938355,4938355,17.0
4938356,4938356,17.0
4938357,4938357,17.0
4938358,4938358,15.0
4938359,4938359,13.0
4938360,4938360,13.0
4938361,4938361,13.0
4938362,4938362,13.0
4938363,4938363,13.0
4938364,4938364,14.0
4938365,4938365,14.0
4938366,4938366,15.0
4938367,4938367,15.0
4938368,4938368,16.0
4938369,4938369,17.0
4938370,4938370,16.0
4938371,4938371,16.0
4938372,4938372,14.0
4938373,4938373,13.0
4938374,4938374,12.0
4938375,4938375,13.0
4938376,4938376,13.0
4938377,4938377,13.0
4938378,4938378,14.0
4938379,4938379,14.0
4938380,4938380,15.0
4938381,4938381,16.0
4938382,4938382,16.0
4938383,4938383,17.0
4938384,4938384,17.0
4938385,4938385,15.0
4938386,4938386,3.0
4938387,4938387,3.0
4938388,4938388,3.0
4938389,4938389,3.0
4938390,4938390,3.0
4938391,4938391,3.0
4938392,4938392,3.0
4938393,4938393,3.0
4938394,4938394,3.0
4938395,4938395,3.0
4938396,4938396,3.0
4938397,4938397,3.0
4938398,4938398,3.0
4938399,4938399,3.0
4938400,4938400,7.0
4938401,4938401,7.0
4938402,4938402,7.0
4938403,4938403,7.0
4938404,4938404,7.0
4938405,4938405,7.0
4938406,4938406,7.0
4938407,4938407,7.0
4938408,4938408,7.0
4938409,4938409,7.0
4938410,4938410,7.0
4938411,4938411,7.0
4938412,4938412,7.0
4938413,4938413,7.0
4938414,4938414,7.0
4938415,4938415,7.0
4938416,4938416,7.0
4938417,4938417,7.0
4938418,4938418,7.0
4938419,4938419,7.0
4938420,4938420,7.0
4938421,4938421,7.0
4938422,4938422,7.0
4938423,4938423,7.0
4938424,4938424,7.0
4938425,4938425,7.0
4938426,4938426,7.0
4938427,4938427,7.0
4938428,4938428,7.0
4938429,4938429,7.0
4938430,4938430,7.0
4938431,4938431,7.0
4938432,4938432,7.0
4938433,4938433,7.0
4938434,4938434,7.0
4938435,4938435,7.0
4938436,4938436,7.0
4938437,4938437,7.0
4938438,4938438,7.0
4938439,4938439,7.0
4938440,4938440,7.0
4938441,4938441,7.0
4938442,4938442,7.0
4938443,4938443,7.0
4938444,4938444,7.0
4938445,4938445,7.0
4938446,4938446,7.0
4938447,4938447,7.0
4938448,4938448,7.0
4938449,4938449,7.0
4938450,4938450,7.0
4938451,4938451,7.0
4938452,4938452,7.0
4938453,4938453,7.0
4938454,4938454,7.0
4938455,4938455,7.0
4938456,4938456,7.0
4938457,4938457,7.0
4938458,4938458,7.0
4938459,4938459,7.0
4938460,4938460,7.0
4938461,4938461,7.0
4938462,4938462,7.0
4938463,4938463,7.0
4938464,4938464,7.0
4938465,4938465,7.0
4938466,4938466,7.0
4938467,4938467,7.0
4938468,4938468,7.0
4938469,4938469,7.0
4938470,4938470,7.0
4938471,4938471,7.0
4938472,4938472,7.0
4938473,4938473,7.0
4938474,4938474,7.0
4938475,4938475,7.0
4938476,4938476,7.0
4938477,4938477,3.0
4938478,4938478,3.0
4938479,4938479,3.0
4938480,4938480,3.0
4938481,4938481,3.0
4938482,4938482,3.0
4938483,4938483,3.0
4938484,4938484,3.0
4938485,4938485,3.0
4938486,4938486,3.0
4938487,4938487,3.0
4938488,4938488,3.0
4938489,4938489,3.0
4938490,4938490,3.0
4938491,4938491,3.0
4938492,4938492,3.0
4938493,4938493,3.0
4938494,4938494,3.0
4938495,4938495,3.0
4938496,4938496,3.0
4938497,4938497,3.0
4938498,4938498,3.0
4938499,4938499,3.0
4938500,4938500,168.0
4938501,4938501,165.0
4938502,4938502,136.0
4938503,4938503,137.0
4938504,4938504,146.0
4938505,4938505,144.0
4938506,4938506,131.0
4938507,4938507,134.0
4938508,4938508,140.0
4938509,4938509,148.0
4938510,4938510,156.0
4938511,4938511,147.0
4938512,4938512,153.0
4938513,4938513,146.0
4938514,4938514,154.0
4938515,4938515,146.0
4938516,4938516,149.0
4938517,4938517,144.0
4938518,4938518,139.0
4938519,4938519,144.0
4938520,4938520,147.0
4938521,4938521,141.0
4938522,4938522,141.0
4938523,4938523,141.0
4938524,4938524,143.0
4938525,4938525,139.0
4938526,4938526,145.0
4938527,4938527,141.0
4938528,4938528,137.0
4938529,4938529,140.0
4938530,4938530,139.0
4938531,4938531,137.0
4938532,4938532,136.0
4938533,4938533,142.0
4938534,4938534,138.0
4938535,4938535,137.0
4938536,4938536,137.0
4938537,4938537,140.0
4938538,4938538,137.0
4938539,4938539,137.0
4938540,4938540,136.0
4938541,4938541,137.0
4938542,4938542,135.0
4938543,4938543,137.0
4938544,4938544,136.0
4938545,4938545,133.0
4938546,4938546,139.0
4938547,4938547,139.0
4938548,4938548,133.0
4938549,4938549,138.0
4938550,4938550,136.0
4938551,4938551,137.0
4938552,4938552,133.0
4938553,4938553,134.0
4938554,4938554,132.0
4938555,4938555,134.0
4938556,4938556,137.0
4938557,4938557,135.0
4938558,4938558,137.0
4938559,4938559,138.0
4938560,4938560,133.0
4938561,4938561,133.0
4938562,4938562,130.0
4938563,4938563,135.0
4938564,4938564,134.0
4938565,4938565,132.0
4938566,4938566,136.0
4938567,4938567,131.0
4938568,4938568,135.0
4938569,4938569,135.0
4938570,4938570,129.0
4938571,4938571,133.0
4938572,4938572,132.0
4938573,4938573,132.0
4938574,4938574,139.0
4938575,4938575,131.0
4938576,4938576,136.0
4938577,4938577,137.0
4938578,4938578,133.0
4938579,4938579,133.0
4938580,4938580,129.0
4938581,4938581,135.0
4938582,4938582,133.0
4938583,4938583,128.0
4938584,4938584,136.0
4938585,4938585,133.0
4938586,4938586,133.0
4938587,4938587,135.0
4938588,4938588,132.0
4938589,4938589,133.0
4938590,4938590,132.0
4938591,4938591,131.0
4938592,4938592,130.0
4938593,4938593,131.0
4938594,4938594,133.0
4938595,4938595,133.0
4938596,4938596,132.0
4938597,4938597,132.0
4938598,4938598,136.0
4938599,4938599,130.0
4938600,4938600,128.0
4938601,4938601,132.0
4938602,4938602,131.0
4938603,4938603,128.0
4938604,4938604,129.0
4938605,4938605,130.0
4938606,4938606,129.0
4938607,4938607,133.0
4938608,4938608,129.0
4938609,4938609,131.0
4938610,4938610,133.0
4938611,4938611,126.0
4938612,4938612,126.0
4938613,4938613,128.0
4938614,4938614,129.0
4938615,4938615,131.0
4938616,4938616,125.0
4938617,4938617,129.0
4938618,4938618,130.0
4938619,4938619,126.0
4938620,4938620,125.0
4938621,4938621,121.0
4938622,4938622,126.0
4938623,4938623,125.0
4938624,4938624,121.0
4938625,4938625,124.0
4938626,4938626,759.0
4938627,4938627,748.0
4938628,4938628,753.0
4938629,4938629,748.0
4938630,4938630,747.0
4938631,4938631,747.0
4938632,4938632,744.0
4938633,4938633,743.0
4938634,4938634,748.0
4938635,4938635,739.0
4938636,4938636,739.0
4938637,4938637,738.0
4938638,4938638,741.0
4938639,4938639,737.0
4938640,4938640,736.0
4938641,4938641,733.0
4938642,4938642,740.0
4938643,4938643,731.0
4938644,4938644,732.0
4938645,4938645,738.0
4938646,4938646,731.0
4938647,4938647,732.0
4938648,4938648,737.0
4938649,4938649,732.0
4938650,4938650,736.0
4938651,4938651,732.0
4938652,4938652,731.0
4938653,4938653,734.0
4938654,4938654,737.0
4938655,4938655,732.0
4938656,4938656,733.0
4938657,4938657,734.0
4938658,4938658,735.0
4938659,4938659,735.0
4938660,4938660,730.0
4938661,4938661,735.0
4938662,4938662,733.0
4938663,4938663,732.0
4938664,4938664,730.0
4938665,4938665,736.0
4938666,4938666,733.0
4938667,4938667,731.0
4938668,4938668,735.0
4938669,4938669,731.0
4938670,4938670,736.0
4938671,4938671,730.0
4938672,4938672,732.0
4938673,4938673,734.0
4938674,4938674,730.0
4938675,4938675,733.0
4938676,4938676,731.0
4938677,4938677,732.0
4938678,4938678,738.0
4938679,4938679,731.0
4938680,4938680,734.0
4938681,4938681,732.0
4938682,4938682,731.0
4938683,4938683,736.0
4938684,4938684,738.0
4938685,4938685,733.0
4938686,4938686,734.0
4938687,4938687,735.0
4938688,4938688,736.0
4938689,4938689,731.0
4938690,4938690,729.0
4938691,4938691,733.0
4938692,4938692,733.0
4938693,4938693,728.0
4938694,4938694,730.0
4938695,4938695,732.0
4938696,4938696,732.0
4938697,4938697,734.0
4938698,4938698,734.0
4938699,4938699,729.0
4938700,4938700,736.0
4938701,4938701,733.0
4938702,4938702,728.0
4938703,4938703,733.0
4938704,4938704,735.0
4938705,4938705,731.0
4938706,4938706,729.0
4938707,4938707,731.0
4938708,4938708,727.0
4938709,4938709,732.0
4938710,4938710,731.0
4938711,4938711,732.0
4938712,4938712,730.0
4938713,4938713,730.0
4938714,4938714,737.0
4938715,4938715,730.0
4938716,4938716,731.0
4938717,4938717,731.0
4938718,4938718,727.0
4938719,4938719,729.0
4938720,4938720,735.0
4938721,4938721,738.0
4938722,4938722,734.0
4938723,4938723,733.0
4938724,4938724,731.0
4938725,4938725,735.0
4938726,4938726,733.0
4938727,4938727,733.0
4938728,4938728,731.0
4938729,4938729,729.0
4938730,4938730,733.0
4938731,4938731,728.0
4938732,4938732,728.0
4938733,4938733,729.0
4938734,4938734,726.0
4938735,4938735,727.0
4938736,4938736,729.0
4938737,4938737,727.0
4938738,4938738,728.0
4938739,4938739,728.0
4938740,4938740,732.0
4938741,4938741,731.0
4938742,4938742,730.0
4938743,4938743,731.0
4938744,4938744,731.0
4938745,4938745,728.0
4938746,4938746,733.0
4938747,4938747,729.0
4938748,4938748,729.0
4938749,4938749,730.0
4938750,4938750,730.0
4938751,4938751,731.0
4938752,4938752,725.0
4938753,4938753,731.0
4938754,4938754,731.0
4938755,4938755,735.0
4938756,4938756,731.0
4938757,4938757,731.0
4938758,4938758,732.0
4938759,4938759,727.0
4938760,4938760,735.0
4938761,4938761,729.0
4938762,4938762,728.0
4938763,4938763,733.0
4938764,4938764,733.0
4938765,4938765,727.0
4938766,4938766,727.0
4938767,4938767,729.0
4938768,4938768,731.0
4938769,4938769,733.0
4938770,4938770,732.0
4938771,4938771,731.0
4938772,4938772,730.0
4938773,4938773,733.0
4938774,4938774,729.0
4938775,4938775,733.0
4938776,4938776,726.0
4938777,4938777,731.0
4938778,4938778,729.0
4938779,4938779,731.0
4938780,4938780,728.0
4938781,4938781,726.0
4938782,4938782,732.0
4938783,4938783,732.0
4938784,4938784,725.0
4938785,4938785,730.0
4938786,4938786,733.0
4938787,4938787,729.0
4938788,4938788,730.0
4938789,4938789,729.0
4938790,4938790,730.0
4938791,4938791,731.0
4938792,4938792,726.0
4938793,4938793,729.0
4938794,4938794,728.0
4938795,4938795,728.0
4938796,4938796,731.0
4938797,4938797,728.0
4938798,4938798,730.0
4938799,4938799,731.0
4938800,4938800,726.0
4938801,4938801,732.0
4938802,4938802,728.0
4938803,4938803,729.0
4938804,4938804,732.0
4938805,4938805,730.0
4938806,4938806,728.0
4938807,4938807,736.0
4938808,4938808,729.0
4938809,4938809,731.0
4938810,4938810,731.0
4938811,4938811,729.0
4938812,4938812,731.0
4938813,4938813,724.0
4938814,4938814,730.0
4938815,4938815,733.0
4938816,4938816,727.0
4938817,4938817,731.0
4938818,4938818,730.0
4938819,4938819,726.0
4938820,4938820,735.0
4938821,4938821,733.0
4938822,4938822,732.0
4938823,4938823,733.0
4938824,4938824,734.0
4938825,4938825,732.0
4938826,4938826,735.0
4938827,4938827,727.0
4938828,4938828,728.0
4938829,4938829,727.0
4938830,4938830,733.0
4938831,4938831,731.0
4938832,4938832,727.0
4938833,4938833,734.0
4938834,4938834,731.0
4938835,4938835,729.0
4938836,4938836,731.0
4938837,4938837,731.0
4938838,4938838,731.0
4938839,4938839,730.0
4938840,4938840,727.0
4938841,4938841,734.0
4938842,4938842,732.0
4938843,4938843,734.0
4938844,4938844,727.0
4938845,4938845,730.0
4938846,4938846,734.0
4938847,4938847,729.0
4938848,4938848,729.0
4938849,4938849,730.0
4938850,4938850,728.0
4938851,4938851,731.0
4938852,4938852,728.0
4938853,4938853,727.0
4938854,4938854,729.0
4938855,4938855,731.0
4938856,4938856,729.0
4938857,4938857,726.0
4938858,4938858,730.0
4938859,4938859,731.0
4938860,4938860,727.0
4938861,4938861,731.0
4938862,4938862,731.0
4938863,4938863,728.0
4938864,4938864,728.0
4938865,4938865,728.0
4938866,4938866,730.0
4938867,4938867,729.0
4938868,4938868,730.0
4938869,4938869,732.0
4938870,4938870,730.0
4938871,4938871,731.0
4938872,4938872,731.0
4938873,4938873,726.0
4938874,4938874,730.0
4938875,4938875,728.0
4938876,4938876,728.0
4938877,4938877,728.0
4938878,4938878,727.0
4938879,4938879,729.0
4938880,4938880,728.0
4938881,4938881,734.0
4938882,4938882,730.0
4938883,4938883,732.0
4938884,4938884,729.0
4938885,4938885,735.0
4938886,4938886,731.0
4938887,4938887,738.0
4938888,4938888,729.0
4938889,4938889,732.0
4938890,4938890,736.0
4938891,4938891,731.0
4938892,4938892,732.0
4938893,4938893,729.0
4938894,4938894,733.0
4938895,4938895,731.0
4938896,4938896,729.0
4938897,4938897,732.0
4938898,4938898,731.0
4938899,4938899,730.0
4938900,4938900,735.0
4938901,4938901,728.0
4938902,4938902,732.0
4938903,4938903,731.0
4938904,4938904,730.0
4938905,4938905,730.0
4938906,4938906,733.0
4938907,4938907,731.0
4938908,4938908,731.0
4938909,4938909,729.0
4938910,4938910,731.0
4938911,4938911,735.0
4938912,4938912,734.0
4938913,4938913,733.0
4938914,4938914,729.0
4938915,4938915,736.0
4938916,4938916,733.0
4938917,4938917,731.0
4938918,4938918,727.0
4938919,4938919,730.0
4938920,4938920,736.0
4938921,4938921,731.0
4938922,4938922,729.0
4938923,4938923,735.0
4938924,4938924,736.0
4938925,4938925,731.0
4938926,4938926,735.0
4938927,4938927,735.0
4938928,4938928,733.0
4938929,4938929,733.0
4938930,4938930,736.0
4938931,4938931,731.0
4938932,4938932,732.0
4938933,4938933,737.0
4938934,4938934,733.0
4938935,4938935,725.0
4938936,4938936,731.0
4938937,4938937,734.0
4938938,4938938,726.0
4938939,4938939,733.0
4938940,4938940,734.0
4938941,4938941,732.0
4938942,4938942,736.0
4938943,4938943,720.0
4938944,4938944,732.0
4938945,4938945,734.0
4938946,4938946,728.0
4938947,4938947,734.0
4938948,4938948,731.0
4938949,4938949,732.0
4938950,4938950,738.0
4938951,4938951,730.0
4938952,4938952,733.0
4938953,4938953,732.0
4938954,4938954,731.0
4938955,4938955,732.0
4938956,4938956,732.0
4938957,4938957,734.0
4938958,4938958,733.0
4938959,4938959,729.0
4938960,4938960,732.0
4938961,4938961,730.0
4938962,4938962,732.0
4938963,4938963,734.0
4938964,4938964,732.0
4938965,4938965,734.0
4938966,4938966,735.0
4938967,4938967,732.0
4938968,4938968,731.0
4938969,4938969,732.0
4938970,4938970,735.0
4938971,4938971,730.0
4938972,4938972,735.0
4938973,4938973,731.0
4938974,4938974,731.0
4938975,4938975,730.0
4938976,4938976,734.0
4938977,4938977,730.0
4938978,4938978,740.0
4938979,4938979,730.0
4938980,4938980,734.0
4938981,4938981,731.0
4938982,4938982,730.0
4938983,4938983,733.0
4938984,4938984,729.0
4938985,4938985,735.0
4938986,4938986,734.0
4938987,4938987,731.0
4938988,4938988,730.0
4938989,4938989,730.0
4938990,4938990,733.0
4938991,4938991,731.0
4938992,4938992,733.0
4938993,4938993,735.0
4938994,4938994,730.0
4938995,4938995,728.0
4938996,4938996,732.0
4938997,4938997,733.0
4938998,4938998,731.0
4938999,4938999,732.0
4939000,4939000,735.0
4939001,4939001,736.0
4939002,4939002,731.0
4939003,4939003,731.0
4939004,4939004,730.0
4939005,4939005,729.0
4939006,4939006,735.0
4939007,4939007,730.0
4939008,4939008,736.0
4939009,4939009,731.0
4939010,4939010,733.0
4939011,4939011,736.0
4939012,4939012,734.0
4939013,4939013,737.0
4939014,4939014,737.0
4939015,4939015,731.0
4939016,4939016,734.0
4939017,4939017,731.0
4939018,4939018,730.0
4939019,4939019,729.0
4939020,4939020,733.0
4939021,4939021,729.0
4939022,4939022,733.0
4939023,4939023,729.0
4939024,4939024,730.0
4939025,4939025,730.0
4939026,4939026,729.0
4939027,4939027,729.0
4939028,4939028,729.0
4939029,4939029,728.0
4939030,4939030,730.0
4939031,4939031,729.0
4939032,4939032,727.0
4939033,4939033,725.0
4939034,4939034,727.0
4939035,4939035,726.0
4939036,4939036,726.0
4939037,4939037,730.0
4939038,4939038,726.0
4939039,4939039,732.0
4939040,4939040,725.0
4939041,4939041,730.0
4939042,4939042,725.0
4939043,4939043,726.0
4939044,4939044,731.0
4939045,4939045,731.0
4939046,4939046,730.0
4939047,4939047,734.0
4939048,4939048,728.0
4939049,4939049,732.0
4939050,4939050,724.0
4939051,4939051,728.0
4939052,4939052,732.0
4939053,4939053,730.0
4939054,4939054,730.0
4939055,4939055,728.0
4939056,4939056,731.0
4939057,4939057,733.0
4939058,4939058,734.0
4939059,4939059,731.0
4939060,4939060,730.0
4939061,4939061,733.0
4939062,4939062,737.0
4939063,4939063,739.0
4939064,4939064,732.0
4939065,4939065,736.0
4939066,4939066,736.0
4939067,4939067,735.0
4939068,4939068,737.0
4939069,4939069,733.0
4939070,4939070,732.0
4939071,4939071,733.0
4939072,4939072,732.0
4939073,4939073,732.0
4939074,4939074,737.0
4939075,4939075,733.0
4939076,4939076,733.0
4939077,4939077,733.0
4939078,4939078,733.0
4939079,4939079,737.0
4939080,4939080,734.0
4939081,4939081,733.0
4939082,4939082,735.0
4939083,4939083,734.0
4939084,4939084,733.0
4939085,4939085,737.0
4939086,4939086,733.0
4939087,4939087,733.0
4939088,4939088,729.0
4939089,4939089,735.0
4939090,4939090,732.0
4939091,4939091,737.0
4939092,4939092,738.0
4939093,4939093,735.0
4939094,4939094,732.0
4939095,4939095,733.0
4939096,4939096,730.0
4939097,4939097,732.0
4939098,4939098,732.0
4939099,4939099,729.0
4939100,4939100,731.0
4939101,4939101,734.0
4939102,4939102,732.0
4939103,4939103,736.0
4939104,4939104,731.0
4939105,4939105,734.0
4939106,4939106,735.0
4939107,4939107,734.0
4939108,4939108,738.0
4939109,4939109,737.0
4939110,4939110,726.0
4939111,4939111,732.0
4939112,4939112,730.0
4939113,4939113,734.0
4939114,4939114,732.0
4939115,4939115,727.0
4939116,4939116,731.0
4939117,4939117,730.0
4939118,4939118,731.0
4939119,4939119,730.0
4939120,4939120,726.0
4939121,4939121,728.0
4939122,4939122,731.0
4939123,4939123,731.0
4939124,4939124,731.0
4939125,4939125,729.0
4939126,4939126,733.0
4939127,4939127,730.0
4939128,4939128,726.0
4939129,4939129,729.0
4939130,4939130,726.0
4939131,4939131,732.0
4939132,4939132,733.0
4939133,4939133,727.0
4939134,4939134,732.0
4939135,4939135,732.0
4939136,4939136,733.0
4939137,4939137,730.0
4939138,4939138,733.0
4939139,4939139,732.0
4939140,4939140,731.0
4939141,4939141,734.0
4939142,4939142,735.0
4939143,4939143,735.0
4939144,4939144,732.0
4939145,4939145,726.0
4939146,4939146,734.0
4939147,4939147,727.0
4939148,4939148,732.0
4939149,4939149,728.0
4939150,4939150,731.0
4939151,4939151,731.0
4939152,4939152,728.0
4939153,4939153,732.0
4939154,4939154,729.0
4939155,4939155,730.0
4939156,4939156,730.0
4939157,4939157,727.0
4939158,4939158,731.0
4939159,4939159,731.0
4939160,4939160,732.0
4939161,4939161,735.0
4939162,4939162,733.0
4939163,4939163,734.0
4939164,4939164,734.0
4939165,4939165,733.0
4939166,4939166,731.0
4939167,4939167,732.0
4939168,4939168,734.0
4939169,4939169,734.0
4939170,4939170,731.0
4939171,4939171,735.0
4939172,4939172,730.0
4939173,4939173,734.0
4939174,4939174,733.0
4939175,4939175,734.0
4939176,4939176,733.0
4939177,4939177,732.0
4939178,4939178,733.0
4939179,4939179,731.0
4939180,4939180,730.0
4939181,4939181,733.0
4939182,4939182,731.0
4939183,4939183,732.0
4939184,4939184,731.0
4939185,4939185,731.0
4939186,4939186,738.0
4939187,4939187,730.0
4939188,4939188,739.0
4939189,4939189,733.0
4939190,4939190,729.0
4939191,4939191,729.0
4939192,4939192,735.0
4939193,4939193,731.0
4939194,4939194,728.0
4939195,4939195,736.0
4939196,4939196,735.0
4939197,4939197,733.0
4939198,4939198,731.0
4939199,4939199,732.0
4939200,4939200,736.0
4939201,4939201,731.0
4939202,4939202,733.0
4939203,4939203,735.0
4939204,4939204,730.0
4939205,4939205,734.0
4939206,4939206,731.0
4939207,4939207,731.0
4939208,4939208,727.0
4939209,4939209,734.0
4939210,4939210,730.0
4939211,4939211,730.0
4939212,4939212,732.0
4939213,4939213,730.0
4939214,4939214,736.0
4939215,4939215,733.0
4939216,4939216,731.0
4939217,4939217,735.0
4939218,4939218,733.0
4939219,4939219,728.0
4939220,4939220,731.0
4939221,4939221,732.0
4939222,4939222,734.0
4939223,4939223,730.0
4939224,4939224,730.0
4939225,4939225,730.0
4939226,4939226,732.0
4939227,4939227,729.0
4939228,4939228,728.0
4939229,4939229,730.0
4939230,4939230,728.0
4939231,4939231,732.0
4939232,4939232,729.0
4939233,4939233,730.0
4939234,4939234,730.0
4939235,4939235,732.0
4939236,4939236,732.0
4939237,4939237,731.0
4939238,4939238,732.0
4939239,4939239,737.0
4939240,4939240,726.0
4939241,4939241,731.0
4939242,4939242,726.0
4939243,4939243,727.0
4939244,4939244,731.0
4939245,4939245,731.0
4939246,4939246,735.0
4939247,4939247,730.0
4939248,4939248,731.0
4939249,4939249,728.0
4939250,4939250,733.0
4939251,4939251,733.0
4939252,4939252,729.0
4939253,4939253,735.0
4939254,4939254,730.0
4939255,4939255,738.0
4939256,4939256,729.0
4939257,4939257,729.0
4939258,4939258,732.0
4939259,4939259,727.0
4939260,4939260,730.0
4939261,4939261,727.0
4939262,4939262,729.0
4939263,4939263,734.0
4939264,4939264,728.0
4939265,4939265,731.0
4939266,4939266,733.0
4939267,4939267,731.0
4939268,4939268,734.0
4939269,4939269,731.0
4939270,4939270,733.0
4939271,4939271,734.0
4939272,4939272,732.0
4939273,4939273,730.0
4939274,4939274,734.0
4939275,4939275,730.0
4939276,4939276,729.0
4939277,4939277,734.0
4939278,4939278,733.0
4939279,4939279,733.0
4939280,4939280,730.0
4939281,4939281,730.0
4939282,4939282,733.0
4939283,4939283,728.0
4939284,4939284,726.0
4939285,4939285,730.0
4939286,4939286,728.0
4939287,4939287,730.0
4939288,4939288,732.0
4939289,4939289,731.0
4939290,4939290,735.0
4939291,4939291,732.0
4939292,4939292,737.0
4939293,4939293,730.0
4939294,4939294,733.0
4939295,4939295,731.0
4939296,4939296,736.0
4939297,4939297,733.0
4939298,4939298,732.0
4939299,4939299,730.0
4939300,4939300,731.0
4939301,4939301,730.0
4939302,4939302,730.0
4939303,4939303,732.0
4939304,4939304,733.0
4939305,4939305,729.0
4939306,4939306,734.0
4939307,4939307,734.0
4939308,4939308,729.0
4939309,4939309,730.0
4939310,4939310,730.0
4939311,4939311,725.0
4939312,4939312,732.0
4939313,4939313,727.0
4939314,4939314,731.0
4939315,4939315,734.0
4939316,4939316,729.0
4939317,4939317,723.0
4939318,4939318,727.0
4939319,4939319,728.0
4939320,4939320,728.0
4939321,4939321,732.0
4939322,4939322,729.0
4939323,4939323,732.0
4939324,4939324,722.0
4939325,4939325,727.0
4939326,4939326,726.0
4939327,4939327,729.0
4939328,4939328,732.0
4939329,4939329,726.0
4939330,4939330,731.0
4939331,4939331,730.0
4939332,4939332,729.0
4939333,4939333,727.0
4939334,4939334,727.0
4939335,4939335,731.0
4939336,4939336,732.0
4939337,4939337,733.0
4939338,4939338,730.0
4939339,4939339,730.0
4939340,4939340,728.0
4939341,4939341,726.0
4939342,4939342,727.0
4939343,4939343,726.0
4939344,4939344,728.0
4939345,4939345,727.0
4939346,4939346,730.0
4939347,4939347,726.0
4939348,4939348,728.0
4939349,4939349,730.0
4939350,4939350,725.0
4939351,4939351,729.0
4939352,4939352,732.0
4939353,4939353,727.0
4939354,4939354,730.0
4939355,4939355,729.0
4939356,4939356,727.0
4939357,4939357,733.0
4939358,4939358,725.0
4939359,4939359,731.0
4939360,4939360,727.0
4939361,4939361,731.0
4939362,4939362,726.0
4939363,4939363,732.0
4939364,4939364,725.0
4939365,4939365,728.0
4939366,4939366,732.0
4939367,4939367,732.0
4939368,4939368,732.0
4939369,4939369,731.0
4939370,4939370,729.0
4939371,4939371,731.0
4939372,4939372,730.0
4939373,4939373,732.0
4939374,4939374,729.0
4939375,4939375,727.0
4939376,4939376,732.0
4939377,4939377,728.0
4939378,4939378,730.0
4939379,4939379,731.0
4939380,4939380,732.0
4939381,4939381,729.0
4939382,4939382,729.0
4939383,4939383,726.0
4939384,4939384,729.0
4939385,4939385,729.0
4939386,4939386,724.0
4939387,4939387,733.0
4939388,4939388,729.0
4939389,4939389,726.0
4939390,4939390,729.0
4939391,4939391,729.0
4939392,4939392,727.0
4939393,4939393,726.0
4939394,4939394,726.0
4939395,4939395,734.0
4939396,4939396,727.0
4939397,4939397,733.0
4939398,4939398,726.0
4939399,4939399,729.0
4939400,4939400,730.0
4939401,4939401,729.0
4939402,4939402,729.0
4939403,4939403,731.0
4939404,4939404,733.0
4939405,4939405,728.0
4939406,4939406,731.0
4939407,4939407,728.0
4939408,4939408,731.0
4939409,4939409,728.0
4939410,4939410,729.0
4939411,4939411,728.0
4939412,4939412,727.0
4939413,4939413,729.0
4939414,4939414,727.0
4939415,4939415,726.0
4939416,4939416,727.0
4939417,4939417,726.0
4939418,4939418,730.0
4939419,4939419,729.0
4939420,4939420,728.0
4939421,4939421,729.0
4939422,4939422,727.0
4939423,4939423,727.0
4939424,4939424,729.0
4939425,4939425,732.0
4939426,4939426,731.0
4939427,4939427,733.0
4939428,4939428,729.0
4939429,4939429,731.0
4939430,4939430,729.0
4939431,4939431,728.0
4939432,4939432,728.0
4939433,4939433,727.0
4939434,4939434,730.0
4939435,4939435,730.0
4939436,4939436,723.0
4939437,4939437,727.0
4939438,4939438,730.0
4939439,4939439,726.0
4939440,4939440,730.0
4939441,4939441,729.0
4939442,4939442,729.0
4939443,4939443,731.0
4939444,4939444,727.0
4939445,4939445,727.0
4939446,4939446,726.0
4939447,4939447,729.0
4939448,4939448,728.0
4939449,4939449,730.0
4939450,4939450,726.0
4939451,4939451,727.0
4939452,4939452,723.0
4939453,4939453,727.0
4939454,4939454,725.0
4939455,4939455,728.0
4939456,4939456,729.0
4939457,4939457,726.0
4939458,4939458,726.0
4939459,4939459,727.0
4939460,4939460,727.0
4939461,4939461,726.0
4939462,4939462,726.0
4939463,4939463,728.0
4939464,4939464,724.0
4939465,4939465,727.0
4939466,4939466,731.0
4939467,4939467,728.0
4939468,4939468,726.0
4939469,4939469,729.0
4939470,4939470,729.0
4939471,4939471,725.0
4939472,4939472,730.0
4939473,4939473,728.0
4939474,4939474,731.0
4939475,4939475,728.0
4939476,4939476,726.0
4939477,4939477,727.0
4939478,4939478,729.0
4939479,4939479,725.0
4939480,4939480,729.0
4939481,4939481,727.0
4939482,4939482,726.0
4939483,4939483,725.0
4939484,4939484,721.0
4939485,4939485,725.0
4939486,4939486,724.0
4939487,4939487,729.0
4939488,4939488,727.0
4939489,4939489,728.0
4939490,4939490,729.0
4939491,4939491,726.0
4939492,4939492,730.0
4939493,4939493,729.0
4939494,4939494,729.0
4939495,4939495,726.0
4939496,4939496,727.0
4939497,4939497,727.0
4939498,4939498,724.0
4939499,4939499,729.0
4939500,4939500,728.0
4939501,4939501,724.0
4939502,4939502,731.0
4939503,4939503,726.0
4939504,4939504,727.0
4939505,4939505,728.0
4939506,4939506,726.0
4939507,4939507,726.0
4939508,4939508,727.0
4939509,4939509,730.0
4939510,4939510,727.0
4939511,4939511,726.0
4939512,4939512,729.0
4939513,4939513,723.0
4939514,4939514,725.0
4939515,4939515,730.0
4939516,4939516,724.0
4939517,4939517,725.0
4939518,4939518,726.0
4939519,4939519,726.0
4939520,4939520,724.0
4939521,4939521,724.0
4939522,4939522,725.0
4939523,4939523,726.0
4939524,4939524,724.0
4939525,4939525,723.0
4939526,4939526,726.0
4939527,4939527,727.0
4939528,4939528,725.0
4939529,4939529,724.0
4939530,4939530,729.0
4939531,4939531,726.0
4939532,4939532,726.0
4939533,4939533,723.0
4939534,4939534,727.0
4939535,4939535,724.0
4939536,4939536,728.0
4939537,4939537,726.0
4939538,4939538,726.0
4939539,4939539,728.0
4939540,4939540,722.0
4939541,4939541,726.0
4939542,4939542,727.0
4939543,4939543,725.0
4939544,4939544,728.0
4939545,4939545,727.0
4939546,4939546,722.0
4939547,4939547,728.0
4939548,4939548,723.0
4939549,4939549,721.0
4939550,4939550,727.0
4939551,4939551,726.0
4939552,4939552,725.0
4939553,4939553,728.0
4939554,4939554,726.0
4939555,4939555,726.0
4939556,4939556,725.0
4939557,4939557,727.0
4939558,4939558,729.0
4939559,4939559,726.0
4939560,4939560,728.0
4939561,4939561,724.0
4939562,4939562,728.0
4939563,4939563,721.0
4939564,4939564,730.0
4939565,4939565,727.0
4939566,4939566,725.0
4939567,4939567,726.0
4939568,4939568,728.0
4939569,4939569,726.0
4939570,4939570,727.0
4939571,4939571,727.0
4939572,4939572,725.0
4939573,4939573,727.0
4939574,4939574,728.0
4939575,4939575,728.0
4939576,4939576,727.0
4939577,4939577,728.0
4939578,4939578,727.0
4939579,4939579,727.0
4939580,4939580,725.0
4939581,4939581,728.0
4939582,4939582,725.0
4939583,4939583,725.0
4939584,4939584,725.0
4939585,4939585,724.0
4939586,4939586,726.0
4939587,4939587,723.0
4939588,4939588,730.0
4939589,4939589,730.0
4939590,4939590,727.0
4939591,4939591,728.0
4939592,4939592,728.0
4939593,4939593,726.0
4939594,4939594,727.0
4939595,4939595,726.0
4939596,4939596,730.0
4939597,4939597,726.0
4939598,4939598,728.0
4939599,4939599,729.0
4939600,4939600,727.0
4939601,4939601,724.0
4939602,4939602,725.0
4939603,4939603,722.0
4939604,4939604,726.0
4939605,4939605,728.0
4939606,4939606,726.0
4939607,4939607,729.0
4939608,4939608,724.0
4939609,4939609,725.0
4939610,4939610,728.0
4939611,4939611,725.0
4939612,4939612,725.0
4939613,4939613,726.0
4939614,4939614,726.0
4939615,4939615,724.0
4939616,4939616,730.0
4939617,4939617,725.0
4939618,4939618,724.0
4939619,4939619,727.0
4939620,4939620,729.0
4939621,4939621,723.0
4939622,4939622,724.0
4939623,4939623,724.0
4939624,4939624,724.0
4939625,4939625,724.0
4939626,4939626,726.0
4939627,4939627,725.0
4939628,4939628,724.0
4939629,4939629,727.0
4939630,4939630,725.0
4939631,4939631,729.0
4939632,4939632,723.0
4939633,4939633,725.0
4939634,4939634,727.0
4939635,4939635,724.0
4939636,4939636,725.0
4939637,4939637,726.0
4939638,4939638,723.0
4939639,4939639,722.0
4939640,4939640,724.0
4939641,4939641,724.0
4939642,4939642,724.0
4939643,4939643,724.0
4939644,4939644,727.0
4939645,4939645,722.0
4939646,4939646,720.0
4939647,4939647,728.0
4939648,4939648,726.0
4939649,4939649,728.0
4939650,4939650,727.0
4939651,4939651,729.0
4939652,4939652,725.0
4939653,4939653,722.0
4939654,4939654,725.0
4939655,4939655,727.0
4939656,4939656,726.0
4939657,4939657,729.0
4939658,4939658,727.0
4939659,4939659,726.0
4939660,4939660,725.0
4939661,4939661,722.0
4939662,4939662,723.0
4939663,4939663,726.0
4939664,4939664,726.0
4939665,4939665,732.0
4939666,4939666,725.0
4939667,4939667,726.0
4939668,4939668,730.0
4939669,4939669,731.0
4939670,4939670,728.0
4939671,4939671,731.0
4939672,4939672,727.0
4939673,4939673,727.0
4939674,4939674,727.0
4939675,4939675,726.0
4939676,4939676,731.0
4939677,4939677,727.0
4939678,4939678,728.0
4939679,4939679,723.0
4939680,4939680,730.0
4939681,4939681,724.0
4939682,4939682,724.0
4939683,4939683,730.0
4939684,4939684,723.0
4939685,4939685,725.0
4939686,4939686,728.0
4939687,4939687,729.0
4939688,4939688,726.0
4939689,4939689,725.0
4939690,4939690,727.0
4939691,4939691,727.0
4939692,4939692,727.0
4939693,4939693,728.0
4939694,4939694,726.0
4939695,4939695,734.0
4939696,4939696,727.0
4939697,4939697,727.0
4939698,4939698,728.0
4939699,4939699,729.0
4939700,4939700,728.0
4939701,4939701,729.0
4939702,4939702,723.0
4939703,4939703,728.0
4939704,4939704,730.0
4939705,4939705,725.0
4939706,4939706,728.0
4939707,4939707,729.0
4939708,4939708,729.0
4939709,4939709,727.0
4939710,4939710,727.0
4939711,4939711,725.0
4939712,4939712,729.0
4939713,4939713,728.0
4939714,4939714,730.0
4939715,4939715,729.0
4939716,4939716,727.0
4939717,4939717,733.0
4939718,4939718,731.0
4939719,4939719,730.0
4939720,4939720,731.0
4939721,4939721,729.0
4939722,4939722,727.0
4939723,4939723,726.0
4939724,4939724,728.0
4939725,4939725,730.0
4939726,4939726,727.0
4939727,4939727,725.0
4939728,4939728,732.0
4939729,4939729,727.0
4939730,4939730,728.0
4939731,4939731,731.0
4939732,4939732,729.0
4939733,4939733,730.0
4939734,4939734,728.0
4939735,4939735,728.0
4939736,4939736,728.0
4939737,4939737,726.0
4939738,4939738,731.0
4939739,4939739,730.0
4939740,4939740,730.0
4939741,4939741,727.0
4939742,4939742,733.0
4939743,4939743,728.0
4939744,4939744,726.0
4939745,4939745,730.0
4939746,4939746,727.0
4939747,4939747,727.0
4939748,4939748,728.0
4939749,4939749,732.0
4939750,4939750,729.0
4939751,4939751,728.0
4939752,4939752,735.0
4939753,4939753,725.0
4939754,4939754,728.0
4939755,4939755,728.0
4939756,4939756,729.0
4939757,4939757,730.0
4939758,4939758,731.0
4939759,4939759,730.0
4939760,4939760,734.0
4939761,4939761,730.0
4939762,4939762,727.0
4939763,4939763,730.0
4939764,4939764,735.0
4939765,4939765,732.0
4939766,4939766,732.0
4939767,4939767,731.0
4939768,4939768,731.0
4939769,4939769,728.0
4939770,4939770,733.0
4939771,4939771,733.0
4939772,4939772,729.0
4939773,4939773,731.0
4939774,4939774,733.0
4939775,4939775,733.0
4939776,4939776,732.0
4939777,4939777,731.0
4939778,4939778,730.0
4939779,4939779,732.0
4939780,4939780,728.0
4939781,4939781,732.0
4939782,4939782,728.0
4939783,4939783,726.0
4939784,4939784,728.0
4939785,4939785,729.0
4939786,4939786,732.0
4939787,4939787,736.0
4939788,4939788,732.0
4939789,4939789,731.0
4939790,4939790,727.0
4939791,4939791,731.0
4939792,4939792,734.0
4939793,4939793,732.0
4939794,4939794,732.0
4939795,4939795,730.0
4939796,4939796,729.0
4939797,4939797,730.0
4939798,4939798,736.0
4939799,4939799,728.0
4939800,4939800,732.0
4939801,4939801,729.0
4939802,4939802,729.0
4939803,4939803,729.0
4939804,4939804,728.0
4939805,4939805,733.0
4939806,4939806,733.0
4939807,4939807,730.0
4939808,4939808,730.0
4939809,4939809,731.0
4939810,4939810,733.0
4939811,4939811,729.0
4939812,4939812,730.0
4939813,4939813,730.0
4939814,4939814,731.0
4939815,4939815,729.0
4939816,4939816,730.0
4939817,4939817,729.0
4939818,4939818,732.0
4939819,4939819,728.0
4939820,4939820,732.0
4939821,4939821,729.0
4939822,4939822,725.0
4939823,4939823,734.0
4939824,4939824,731.0
4939825,4939825,732.0
4939826,4939826,733.0
4939827,4939827,729.0
4939828,4939828,733.0
4939829,4939829,731.0
4939830,4939830,731.0
4939831,4939831,730.0
4939832,4939832,734.0
4939833,4939833,730.0
4939834,4939834,730.0
4939835,4939835,731.0
4939836,4939836,733.0
4939837,4939837,731.0
4939838,4939838,731.0
4939839,4939839,733.0
4939840,4939840,728.0
4939841,4939841,730.0
4939842,4939842,727.0
4939843,4939843,725.0
4939844,4939844,728.0
4939845,4939845,725.0
4939846,4939846,727.0
4939847,4939847,731.0
4939848,4939848,728.0
4939849,4939849,731.0
4939850,4939850,726.0
4939851,4939851,730.0
4939852,4939852,730.0
4939853,4939853,729.0
4939854,4939854,727.0
4939855,4939855,727.0
4939856,4939856,729.0
4939857,4939857,727.0
4939858,4939858,726.0
4939859,4939859,732.0
4939860,4939860,728.0
4939861,4939861,733.0
4939862,4939862,727.0
4939863,4939863,732.0
4939864,4939864,726.0
4939865,4939865,727.0
4939866,4939866,724.0
4939867,4939867,729.0
4939868,4939868,730.0
4939869,4939869,724.0
4939870,4939870,730.0
4939871,4939871,724.0
4939872,4939872,730.0
4939873,4939873,727.0
4939874,4939874,729.0
4939875,4939875,728.0
4939876,4939876,730.0
4939877,4939877,726.0
4939878,4939878,726.0
4939879,4939879,732.0
4939880,4939880,730.0
4939881,4939881,733.0
4939882,4939882,726.0
4939883,4939883,731.0
4939884,4939884,725.0
4939885,4939885,720.0
4939886,4939886,727.0
4939887,4939887,725.0
4939888,4939888,725.0
4939889,4939889,727.0
4939890,4939890,729.0
4939891,4939891,718.0
4939892,4939892,725.0
4939893,4939893,727.0
4939894,4939894,728.0
4939895,4939895,725.0
4939896,4939896,729.0
4939897,4939897,722.0
4939898,4939898,727.0
4939899,4939899,727.0
4939900,4939900,726.0
4939901,4939901,726.0
4939902,4939902,730.0
4939903,4939903,724.0
4939904,4939904,731.0
4939905,4939905,728.0
4939906,4939906,728.0
4939907,4939907,729.0
4939908,4939908,729.0
4939909,4939909,727.0
4939910,4939910,725.0
4939911,4939911,731.0
4939912,4939912,726.0
4939913,4939913,726.0
4939914,4939914,728.0
4939915,4939915,726.0
4939916,4939916,727.0
4939917,4939917,726.0
4939918,4939918,728.0
4939919,4939919,728.0
4939920,4939920,734.0
4939921,4939921,730.0
4939922,4939922,731.0
4939923,4939923,729.0
4939924,4939924,725.0
4939925,4939925,727.0
4939926,4939926,725.0
4939927,4939927,726.0
4939928,4939928,721.0
4939929,4939929,732.0
4939930,4939930,729.0
4939931,4939931,724.0
4939932,4939932,726.0
4939933,4939933,728.0
4939934,4939934,731.0
4939935,4939935,727.0
4939936,4939936,728.0
4939937,4939937,730.0
4939938,4939938,731.0
4939939,4939939,732.0
4939940,4939940,733.0
4939941,4939941,734.0
4939942,4939942,725.0
4939943,4939943,731.0
4939944,4939944,727.0
4939945,4939945,727.0
4939946,4939946,727.0
4939947,4939947,732.0
4939948,4939948,733.0
4939949,4939949,729.0
4939950,4939950,728.0
4939951,4939951,732.0
4939952,4939952,729.0
4939953,4939953,728.0
4939954,4939954,730.0
4939955,4939955,728.0
4939956,4939956,725.0
4939957,4939957,731.0
4939958,4939958,729.0
4939959,4939959,730.0
4939960,4939960,727.0
4939961,4939961,728.0
4939962,4939962,727.0
4939963,4939963,729.0
4939964,4939964,732.0
4939965,4939965,731.0
4939966,4939966,727.0
4939967,4939967,735.0
4939968,4939968,734.0
4939969,4939969,726.0
4939970,4939970,722.0
4939971,4939971,725.0
4939972,4939972,728.0
4939973,4939973,723.0
4939974,4939974,726.0
4939975,4939975,729.0
4939976,4939976,725.0
4939977,4939977,726.0
4939978,4939978,726.0
4939979,4939979,730.0
4939980,4939980,727.0
4939981,4939981,730.0
4939982,4939982,728.0
4939983,4939983,732.0
4939984,4939984,731.0
4939985,4939985,730.0
4939986,4939986,732.0
4939987,4939987,733.0
4939988,4939988,733.0
4939989,4939989,731.0
4939990,4939990,729.0
4939991,4939991,730.0
4939992,4939992,726.0
4939993,4939993,731.0
4939994,4939994,730.0
4939995,4939995,729.0
4939996,4939996,729.0
4939997,4939997,728.0
4939998,4939998,730.0
4939999,4939999,729.0
4940000,4940000,734.0
4940001,4940001,732.0
4940002,4940002,732.0
4940003,4940003,731.0
4940004,4940004,732.0
4940005,4940005,728.0
4940006,4940006,728.0
4940007,4940007,731.0
4940008,4940008,724.0
4940009,4940009,727.0
4940010,4940010,732.0
4940011,4940011,729.0
4940012,4940012,734.0
4940013,4940013,730.0
4940014,4940014,730.0
4940015,4940015,732.0
4940016,4940016,731.0
4940017,4940017,726.0
4940018,4940018,733.0
4940019,4940019,732.0
4940020,4940020,729.0
4940021,4940021,732.0
4940022,4940022,733.0
4940023,4940023,730.0
4940024,4940024,729.0
4940025,4940025,734.0
4940026,4940026,724.0
4940027,4940027,728.0
4940028,4940028,729.0
4940029,4940029,728.0
4940030,4940030,726.0
4940031,4940031,728.0
4940032,4940032,729.0
4940033,4940033,729.0
4940034,4940034,728.0
4940035,4940035,729.0
4940036,4940036,734.0
4940037,4940037,733.0
4940038,4940038,733.0
4940039,4940039,727.0
4940040,4940040,733.0
4940041,4940041,726.0
4940042,4940042,727.0
4940043,4940043,732.0
4940044,4940044,736.0
4940045,4940045,730.0
4940046,4940046,730.0
4940047,4940047,727.0
4940048,4940048,732.0
4940049,4940049,727.0
4940050,4940050,730.0
4940051,4940051,732.0
4940052,4940052,730.0
4940053,4940053,730.0
4940054,4940054,731.0
4940055,4940055,732.0
4940056,4940056,731.0
4940057,4940057,732.0
4940058,4940058,734.0
4940059,4940059,732.0
4940060,4940060,726.0
4940061,4940061,728.0
4940062,4940062,732.0
4940063,4940063,732.0
4940064,4940064,736.0
4940065,4940065,733.0
4940066,4940066,734.0
4940067,4940067,730.0
4940068,4940068,731.0
4940069,4940069,735.0
4940070,4940070,729.0
4940071,4940071,734.0
4940072,4940072,735.0
4940073,4940073,730.0
4940074,4940074,732.0
4940075,4940075,731.0
4940076,4940076,729.0
4940077,4940077,729.0
4940078,4940078,730.0
4940079,4940079,730.0
4940080,4940080,730.0
4940081,4940081,730.0
4940082,4940082,731.0
4940083,4940083,736.0
4940084,4940084,734.0
4940085,4940085,732.0
4940086,4940086,734.0
4940087,4940087,735.0
4940088,4940088,728.0
4940089,4940089,731.0
4940090,4940090,733.0
4940091,4940091,730.0
4940092,4940092,725.0
4940093,4940093,731.0
4940094,4940094,726.0
4940095,4940095,724.0
4940096,4940096,731.0
4940097,4940097,729.0
4940098,4940098,730.0
4940099,4940099,735.0
4940100,4940100,733.0
4940101,4940101,736.0
4940102,4940102,732.0
4940103,4940103,735.0
4940104,4940104,732.0
4940105,4940105,730.0
4940106,4940106,728.0
4940107,4940107,731.0
4940108,4940108,730.0
4940109,4940109,728.0
4940110,4940110,731.0
4940111,4940111,724.0
4940112,4940112,735.0
4940113,4940113,736.0
4940114,4940114,732.0
4940115,4940115,736.0
4940116,4940116,728.0
4940117,4940117,727.0
4940118,4940118,726.0
4940119,4940119,727.0
4940120,4940120,724.0
4940121,4940121,729.0
4940122,4940122,728.0
4940123,4940123,730.0
4940124,4940124,727.0
4940125,4940125,734.0
4940126,4940126,732.0
4940127,4940127,729.0
4940128,4940128,731.0
4940129,4940129,730.0
4940130,4940130,730.0
4940131,4940131,730.0
4940132,4940132,734.0
4940133,4940133,731.0
4940134,4940134,727.0
4940135,4940135,732.0
4940136,4940136,729.0
4940137,4940137,729.0
4940138,4940138,729.0
4940139,4940139,733.0
4940140,4940140,733.0
4940141,4940141,728.0
4940142,4940142,728.0
4940143,4940143,731.0
4940144,4940144,729.0
4940145,4940145,729.0
4940146,4940146,735.0
4940147,4940147,733.0
4940148,4940148,734.0
4940149,4940149,730.0
4940150,4940150,730.0
4940151,4940151,730.0
4940152,4940152,727.0
4940153,4940153,729.0
4940154,4940154,727.0
4940155,4940155,731.0
4940156,4940156,729.0
4940157,4940157,730.0
4940158,4940158,729.0
4940159,4940159,727.0
4940160,4940160,724.0
4940161,4940161,731.0
4940162,4940162,734.0
4940163,4940163,723.0
4940164,4940164,728.0
4940165,4940165,730.0
4940166,4940166,731.0
4940167,4940167,730.0
4940168,4940168,735.0
4940169,4940169,729.0
4940170,4940170,726.0
4940171,4940171,728.0
4940172,4940172,731.0
4940173,4940173,729.0
4940174,4940174,730.0
4940175,4940175,732.0
4940176,4940176,730.0
4940177,4940177,729.0
4940178,4940178,728.0
4940179,4940179,731.0
4940180,4940180,731.0
4940181,4940181,732.0
4940182,4940182,729.0
4940183,4940183,731.0
4940184,4940184,732.0
4940185,4940185,728.0
4940186,4940186,732.0
4940187,4940187,731.0
4940188,4940188,732.0
4940189,4940189,729.0
4940190,4940190,729.0
4940191,4940191,731.0
4940192,4940192,730.0
4940193,4940193,730.0
4940194,4940194,736.0
4940195,4940195,735.0
4940196,4940196,731.0
4940197,4940197,734.0
4940198,4940198,733.0
4940199,4940199,730.0
4940200,4940200,730.0
4940201,4940201,730.0
4940202,4940202,730.0
4940203,4940203,727.0
4940204,4940204,729.0
4940205,4940205,731.0
4940206,4940206,730.0
4940207,4940207,731.0
4940208,4940208,733.0
4940209,4940209,733.0
4940210,4940210,726.0
4940211,4940211,730.0
4940212,4940212,728.0
4940213,4940213,727.0
4940214,4940214,729.0
4940215,4940215,730.0
4940216,4940216,731.0
4940217,4940217,728.0
4940218,4940218,726.0
4940219,4940219,729.0
4940220,4940220,733.0
4940221,4940221,725.0
4940222,4940222,733.0
4940223,4940223,727.0
4940224,4940224,726.0
4940225,4940225,728.0
4940226,4940226,722.0
4940227,4940227,730.0
4940228,4940228,729.0
4940229,4940229,732.0
4940230,4940230,728.0
4940231,4940231,731.0
4940232,4940232,725.0
4940233,4940233,731.0
4940234,4940234,730.0
4940235,4940235,728.0
4940236,4940236,725.0
4940237,4940237,729.0
4940238,4940238,729.0
4940239,4940239,729.0
4940240,4940240,730.0
4940241,4940241,731.0
4940242,4940242,732.0
4940243,4940243,730.0
4940244,4940244,730.0
4940245,4940245,731.0
4940246,4940246,733.0
4940247,4940247,733.0
4940248,4940248,732.0
4940249,4940249,736.0
4940250,4940250,732.0
4940251,4940251,731.0
4940252,4940252,733.0
4940253,4940253,725.0
4940254,4940254,720.0
4940255,4940255,722.0
4940256,4940256,723.0
4940257,4940257,723.0
4940258,4940258,722.0
4940259,4940259,727.0
4940260,4940260,733.0
4940261,4940261,731.0
4940262,4940262,731.0
4940263,4940263,729.0
4940264,4940264,730.0
4940265,4940265,731.0
4940266,4940266,730.0
4940267,4940267,734.0
4940268,4940268,731.0
4940269,4940269,733.0
4940270,4940270,734.0
4940271,4940271,732.0
4940272,4940272,727.0
4940273,4940273,731.0
4940274,4940274,733.0
4940275,4940275,732.0
4940276,4940276,735.0
4940277,4940277,735.0
4940278,4940278,735.0
4940279,4940279,730.0
4940280,4940280,731.0
4940281,4940281,725.0
4940282,4940282,727.0
4940283,4940283,728.0
4940284,4940284,726.0
4940285,4940285,731.0
4940286,4940286,733.0
4940287,4940287,731.0
4940288,4940288,732.0
4940289,4940289,735.0
4940290,4940290,732.0
4940291,4940291,730.0
4940292,4940292,728.0
4940293,4940293,733.0
4940294,4940294,731.0
4940295,4940295,732.0
4940296,4940296,733.0
4940297,4940297,728.0
4940298,4940298,731.0
4940299,4940299,732.0
4940300,4940300,725.0
4940301,4940301,727.0
4940302,4940302,733.0
4940303,4940303,734.0
4940304,4940304,732.0
4940305,4940305,731.0
4940306,4940306,735.0
4940307,4940307,732.0
4940308,4940308,729.0
4940309,4940309,731.0
4940310,4940310,735.0
4940311,4940311,732.0
4940312,4940312,730.0
4940313,4940313,735.0
4940314,4940314,734.0
4940315,4940315,733.0
4940316,4940316,734.0
4940317,4940317,734.0
4940318,4940318,734.0
4940319,4940319,731.0
4940320,4940320,734.0
4940321,4940321,732.0
4940322,4940322,733.0
4940323,4940323,732.0
4940324,4940324,732.0
4940325,4940325,734.0
4940326,4940326,731.0
4940327,4940327,732.0
4940328,4940328,730.0
4940329,4940329,735.0
4940330,4940330,728.0
4940331,4940331,735.0
4940332,4940332,733.0
4940333,4940333,729.0
4940334,4940334,732.0
4940335,4940335,728.0
4940336,4940336,732.0
4940337,4940337,731.0
4940338,4940338,735.0
4940339,4940339,731.0
4940340,4940340,730.0
4940341,4940341,728.0
4940342,4940342,731.0
4940343,4940343,733.0
4940344,4940344,729.0
4940345,4940345,730.0
4940346,4940346,730.0
4940347,4940347,730.0
4940348,4940348,730.0
4940349,4940349,734.0
4940350,4940350,732.0
4940351,4940351,732.0
4940352,4940352,731.0
4940353,4940353,734.0
4940354,4940354,735.0
4940355,4940355,729.0
4940356,4940356,731.0
4940357,4940357,731.0
4940358,4940358,730.0
4940359,4940359,729.0
4940360,4940360,730.0
4940361,4940361,734.0
4940362,4940362,731.0
4940363,4940363,730.0
4940364,4940364,730.0
4940365,4940365,733.0
4940366,4940366,731.0
4940367,4940367,729.0
4940368,4940368,733.0
4940369,4940369,731.0
4940370,4940370,731.0
4940371,4940371,731.0
4940372,4940372,731.0
4940373,4940373,730.0
4940374,4940374,733.0
4940375,4940375,732.0
4940376,4940376,735.0
4940377,4940377,730.0
4940378,4940378,731.0
4940379,4940379,733.0
4940380,4940380,734.0
4940381,4940381,731.0
4940382,4940382,732.0
4940383,4940383,735.0
4940384,4940384,729.0
4940385,4940385,733.0
4940386,4940386,731.0
4940387,4940387,730.0
4940388,4940388,729.0
4940389,4940389,731.0
4940390,4940390,732.0
4940391,4940391,732.0
4940392,4940392,731.0
4940393,4940393,732.0
4940394,4940394,731.0
4940395,4940395,730.0
4940396,4940396,733.0
4940397,4940397,733.0
4940398,4940398,729.0
4940399,4940399,731.0
4940400,4940400,733.0
4940401,4940401,733.0
4940402,4940402,734.0
4940403,4940403,733.0
4940404,4940404,733.0
4940405,4940405,735.0
4940406,4940406,729.0
4940407,4940407,733.0
4940408,4940408,732.0
4940409,4940409,732.0
4940410,4940410,733.0
4940411,4940411,731.0
4940412,4940412,735.0
4940413,4940413,730.0
4940414,4940414,732.0
4940415,4940415,734.0
4940416,4940416,733.0
4940417,4940417,730.0
4940418,4940418,733.0
4940419,4940419,730.0
4940420,4940420,728.0
4940421,4940421,727.0
4940422,4940422,733.0
4940423,4940423,731.0
4940424,4940424,729.0
4940425,4940425,732.0
4940426,4940426,727.0
4940427,4940427,733.0
4940428,4940428,735.0
4940429,4940429,734.0
4940430,4940430,727.0
4940431,4940431,732.0
4940432,4940432,732.0
4940433,4940433,732.0
4940434,4940434,731.0
4940435,4940435,731.0
4940436,4940436,733.0
4940437,4940437,728.0
4940438,4940438,731.0
4940439,4940439,728.0
4940440,4940440,730.0
4940441,4940441,738.0
4940442,4940442,729.0
4940443,4940443,730.0
4940444,4940444,735.0
4940445,4940445,733.0
4940446,4940446,736.0
4940447,4940447,734.0
4940448,4940448,733.0
4940449,4940449,731.0
4940450,4940450,732.0
4940451,4940451,734.0
4940452,4940452,734.0
4940453,4940453,734.0
4940454,4940454,730.0
4940455,4940455,732.0
4940456,4940456,733.0
4940457,4940457,732.0
4940458,4940458,733.0
4940459,4940459,730.0
4940460,4940460,731.0
4940461,4940461,734.0
4940462,4940462,730.0
4940463,4940463,730.0
4940464,4940464,732.0
4940465,4940465,733.0
4940466,4940466,733.0
4940467,4940467,730.0
4940468,4940468,731.0
4940469,4940469,732.0
4940470,4940470,732.0
4940471,4940471,731.0
4940472,4940472,731.0
4940473,4940473,730.0
4940474,4940474,731.0
4940475,4940475,729.0
4940476,4940476,728.0
4940477,4940477,729.0
4940478,4940478,733.0
4940479,4940479,727.0
4940480,4940480,728.0
4940481,4940481,730.0
4940482,4940482,731.0
4940483,4940483,714.0
4940484,4940484,726.0
4940485,4940485,723.0
4940486,4940486,724.0
4940487,4940487,727.0
4940488,4940488,726.0
4940489,4940489,722.0
4940490,4940490,724.0
4940491,4940491,724.0
4940492,4940492,729.0
4940493,4940493,726.0
4940494,4940494,717.0
4940495,4940495,725.0
4940496,4940496,727.0
4940497,4940497,723.0
4940498,4940498,723.0
4940499,4940499,722.0
4940500,4940500,726.0
4940501,4940501,726.0
4940502,4940502,725.0
4940503,4940503,724.0
4940504,4940504,722.0
4940505,4940505,727.0
4940506,4940506,724.0
4940507,4940507,725.0
4940508,4940508,720.0
4940509,4940509,723.0
4940510,4940510,731.0
4940511,4940511,725.0
4940512,4940512,719.0
4940513,4940513,727.0
4940514,4940514,729.0
4940515,4940515,726.0
4940516,4940516,722.0
4940517,4940517,726.0
4940518,4940518,731.0
4940519,4940519,725.0
4940520,4940520,724.0
4940521,4940521,728.0
4940522,4940522,724.0
4940523,4940523,722.0
4940524,4940524,727.0
4940525,4940525,726.0
4940526,4940526,726.0
4940527,4940527,722.0
4940528,4940528,724.0
4940529,4940529,725.0
4940530,4940530,723.0
4940531,4940531,725.0
4940532,4940532,724.0
4940533,4940533,722.0
4940534,4940534,722.0
4940535,4940535,731.0
4940536,4940536,726.0
4940537,4940537,725.0
4940538,4940538,724.0
4940539,4940539,727.0
4940540,4940540,730.0
4940541,4940541,728.0
4940542,4940542,723.0
4940543,4940543,726.0
4940544,4940544,725.0
4940545,4940545,725.0
4940546,4940546,727.0
4940547,4940547,726.0
4940548,4940548,728.0
4940549,4940549,725.0
4940550,4940550,729.0
4940551,4940551,730.0
4940552,4940552,727.0
4940553,4940553,724.0
4940554,4940554,726.0
4940555,4940555,727.0
4940556,4940556,728.0
4940557,4940557,727.0
4940558,4940558,725.0
4940559,4940559,728.0
4940560,4940560,724.0
4940561,4940561,730.0
4940562,4940562,728.0
4940563,4940563,729.0
4940564,4940564,725.0
4940565,4940565,725.0
4940566,4940566,726.0
4940567,4940567,726.0
4940568,4940568,732.0
4940569,4940569,724.0
4940570,4940570,729.0
4940571,4940571,725.0
4940572,4940572,725.0
4940573,4940573,729.0
4940574,4940574,727.0
4940575,4940575,726.0
4940576,4940576,723.0
4940577,4940577,729.0
4940578,4940578,727.0
4940579,4940579,725.0
4940580,4940580,725.0
4940581,4940581,723.0
4940582,4940582,729.0
4940583,4940583,727.0
4940584,4940584,728.0
4940585,4940585,725.0
4940586,4940586,726.0
4940587,4940587,723.0
4940588,4940588,723.0
4940589,4940589,725.0
4940590,4940590,726.0
4940591,4940591,724.0
4940592,4940592,723.0
4940593,4940593,731.0
4940594,4940594,121.0
4940595,4940595,127.0
4940596,4940596,2.0
4940597,4940597,2.0
4940598,4940598,2.0
4940599,4940599,2.0
4940600,4940600,2.0
4940601,4940601,2.0
4940602,4940602,2.0
4940603,4940603,2.0
4940604,4940604,2.0
4940605,4940605,27.0
4940606,4940606,25.0
4940607,4940607,26.0
4940608,4940608,26.0
4940609,4940609,26.0
4940610,4940610,26.0
4940611,4940611,26.0
4940612,4940612,25.0
4940613,4940613,24.0
4940614,4940614,19.0
4940615,4940615,13.0
4940616,4940616,13.0
4940617,4940617,17.0
4940618,4940618,12.0
4940619,4940619,14.0
4940620,4940620,18.0
4940621,4940621,18.0
4940622,4940622,17.0
4940623,4940623,13.0
4940624,4940624,13.0
4940625,4940625,12.0
4940626,4940626,12.0
4940627,4940627,12.0
4940628,4940628,13.0
4940629,4940629,13.0
4940630,4940630,14.0
4940631,4940631,16.0
4940632,4940632,16.0
4940633,4940633,17.0
4940634,4940634,19.0
4940635,4940635,18.0
4940636,4940636,15.0
4940637,4940637,13.0
4940638,4940638,13.0
4940639,4940639,13.0
4940640,4940640,13.0
4940641,4940641,14.0
4940642,4940642,14.0
4940643,4940643,17.0
4940644,4940644,17.0
4940645,4940645,19.0
4940646,4940646,18.0
4940647,4940647,14.0
4940648,4940648,12.0
4940649,4940649,12.0
4940650,4940650,13.0
4940651,4940651,12.0
4940652,4940652,13.0
4940653,4940653,14.0
4940654,4940654,16.0
4940655,4940655,17.0
4940656,4940656,18.0
4940657,4940657,19.0
4940658,4940658,14.0
4940659,4940659,12.0
4940660,4940660,12.0
4940661,4940661,13.0
4940662,4940662,13.0
4940663,4940663,13.0
4940664,4940664,15.0
4940665,4940665,16.0
4940666,4940666,17.0
4940667,4940667,18.0
4940668,4940668,17.0
4940669,4940669,15.0
4940670,4940670,13.0
4940671,4940671,13.0
4940672,4940672,13.0
4940673,4940673,13.0
4940674,4940674,14.0
4940675,4940675,16.0
4940676,4940676,16.0
4940677,4940677,18.0
4940678,4940678,17.0
4940679,4940679,15.0
4940680,4940680,12.0
4940681,4940681,12.0
4940682,4940682,12.0
4940683,4940683,13.0
4940684,4940684,14.0
4940685,4940685,15.0
4940686,4940686,16.0
4940687,4940687,18.0
4940688,4940688,17.0
4940689,4940689,15.0
4940690,4940690,12.0
4940691,4940691,13.0
4940692,4940692,12.0
4940693,4940693,13.0
4940694,4940694,14.0
4940695,4940695,16.0
4940696,4940696,16.0
4940697,4940697,18.0
4940698,4940698,17.0
4940699,4940699,15.0
4940700,4940700,12.0
4940701,4940701,12.0
4940702,4940702,12.0
4940703,4940703,12.0
4940704,4940704,13.0
4940705,4940705,15.0
4940706,4940706,16.0
4940707,4940707,17.0
4940708,4940708,18.0
4940709,4940709,17.0
4940710,4940710,13.0
4940711,4940711,12.0
4940712,4940712,12.0
4940713,4940713,12.0
4940714,4940714,13.0
4940715,4940715,15.0
4940716,4940716,16.0
4940717,4940717,17.0
4940718,4940718,2.0
4940719,4940719,2.0
4940720,4940720,2.0
4940721,4940721,2.0
4940722,4940722,2.0
4940723,4940723,2.0
4940724,4940724,2.0
4940725,4940725,2.0
4940726,4940726,2.0
4940727,4940727,2.0
4940728,4940728,2.0
4940729,4940729,2.0
4940730,4940730,2.0
4940731,4940731,2.0
4940732,4940732,2.0
4940733,4940733,2.0
4940734,4940734,2.0
4940735,4940735,2.0
4940736,4940736,2.0
4940737,4940737,2.0
4940738,4940738,2.0
4940739,4940739,2.0
4940740,4940740,2.0
4940741,4940741,2.0
4940742,4940742,2.0
4940743,4940743,2.0
4940744,4940744,2.0
4940745,4940745,2.0
4940746,4940746,2.0
4940747,4940747,2.0
4940748,4940748,2.0
4940749,4940749,2.0
4940750,4940750,2.0
4940751,4940751,2.0
4940752,4940752,2.0
4940753,4940753,2.0
4940754,4940754,2.0
4940755,4940755,2.0
4940756,4940756,2.0
4940757,4940757,2.0
4940758,4940758,2.0
4940759,4940759,2.0
4940760,4940760,2.0
4940761,4940761,2.0
4940762,4940762,2.0
4940763,4940763,2.0
4940764,4940764,2.0
4940765,4940765,2.0
4940766,4940766,2.0
4940767,4940767,2.0
4940768,4940768,2.0
4940769,4940769,2.0
4940770,4940770,2.0
4940771,4940771,2.0
4940772,4940772,2.0
4940773,4940773,2.0
4940774,4940774,2.0
4940775,4940775,2.0
4940776,4940776,2.0
4940777,4940777,2.0
4940778,4940778,2.0
4940779,4940779,2.0
4940780,4940780,2.0
4940781,4940781,2.0
4940782,4940782,2.0
4940783,4940783,2.0
4940784,4940784,2.0
4940785,4940785,2.0
4940786,4940786,2.0
4940787,4940787,2.0
4940788,4940788,2.0
4940789,4940789,2.0
4940790,4940790,2.0
4940791,4940791,2.0
4940792,4940792,2.0
4940793,4940793,2.0
4940794,4940794,2.0
4940795,4940795,2.0
4940796,4940796,2.0
4940797,4940797,2.0
4940798,4940798,2.0
4940799,4940799,2.0
4940800,4940800,2.0
4940801,4940801,2.0
4940802,4940802,2.0
4940803,4940803,2.0
4940804,4940804,2.0
4940805,4940805,2.0
4940806,4940806,2.0
4940807,4940807,2.0
4940808,4940808,2.0
4940809,4940809,2.0
4940810,4940810,2.0
4940811,4940811,2.0
4940812,4940812,2.0
4940813,4940813,2.0
4940814,4940814,2.0
4940815,4940815,2.0
4940816,4940816,2.0
4940817,4940817,2.0
4940818,4940818,2.0
4940819,4940819,2.0
4940820,4940820,2.0
4940821,4940821,2.0
4940822,4940822,2.0
4940823,4940823,2.0
4940824,4940824,2.0
4940825,4940825,2.0
4940826,4940826,2.0
4940827,4940827,2.0
4940828,4940828,2.0
4940829,4940829,2.0
4940830,4940830,2.0
4940831,4940831,2.0
4940832,4940832,2.0
4940833,4940833,2.0
4940834,4940834,2.0
4940835,4940835,2.0
4940836,4940836,2.0
4940837,4940837,2.0
4940838,4940838,2.0
4940839,4940839,2.0
4940840,4940840,2.0
4940841,4940841,2.0
4940842,4940842,2.0
4940843,4940843,2.0
4940844,4940844,2.0
4940845,4940845,2.0
4940846,4940846,2.0
4940847,4940847,2.0
4940848,4940848,2.0
4940849,4940849,2.0
4940850,4940850,2.0
4940851,4940851,2.0
4940852,4940852,2.0
4940853,4940853,2.0
4940854,4940854,2.0
4940855,4940855,2.0
4940856,4940856,2.0
4940857,4940857,2.0
4940858,4940858,2.0
4940859,4940859,2.0
4940860,4940860,2.0
4940861,4940861,2.0
4940862,4940862,2.0
4940863,4940863,2.0
4940864,4940864,2.0
4940865,4940865,2.0
4940866,4940866,2.0
4940867,4940867,2.0
4940868,4940868,2.0
4940869,4940869,2.0
4940870,4940870,2.0
4940871,4940871,2.0
4940872,4940872,2.0
4940873,4940873,2.0
4940874,4940874,2.0
4940875,4940875,2.0
4940876,4940876,2.0
4940877,4940877,2.0
4940878,4940878,2.0
4940879,4940879,2.0
4940880,4940880,2.0
4940881,4940881,2.0
4940882,4940882,2.0
4940883,4940883,2.0
4940884,4940884,2.0
4940885,4940885,2.0
4940886,4940886,2.0
4940887,4940887,2.0
4940888,4940888,2.0
4940889,4940889,2.0
4940890,4940890,2.0
4940891,4940891,2.0
4940892,4940892,2.0
4940893,4940893,2.0
4940894,4940894,2.0
4940895,4940895,2.0
4940896,4940896,2.0
4940897,4940897,2.0
4940898,4940898,2.0
4940899,4940899,2.0
4940900,4940900,2.0
4940901,4940901,2.0
4940902,4940902,2.0
4940903,4940903,2.0
4940904,4940904,2.0
4940905,4940905,2.0
4940906,4940906,2.0
4940907,4940907,2.0
4940908,4940908,2.0
4940909,4940909,2.0
4940910,4940910,2.0
4940911,4940911,2.0
4940912,4940912,2.0
4940913,4940913,2.0
4940914,4940914,2.0
4940915,4940915,2.0
4940916,4940916,2.0
4940917,4940917,2.0
4940918,4940918,2.0
4940919,4940919,2.0
4940920,4940920,2.0
4940921,4940921,2.0
4940922,4940922,2.0
4940923,4940923,2.0
4940924,4940924,2.0
4940925,4940925,2.0
4940926,4940926,2.0
4940927,4940927,2.0
4940928,4940928,2.0
4940929,4940929,2.0
4940930,4940930,2.0
4940931,4940931,2.0
4940932,4940932,2.0
4940933,4940933,2.0
4940934,4940934,2.0
4940935,4940935,2.0
4940936,4940936,2.0
4940937,4940937,2.0
4940938,4940938,2.0
4940939,4940939,2.0
4940940,4940940,2.0
4940941,4940941,2.0
4940942,4940942,2.0
4940943,4940943,2.0
4940944,4940944,2.0
4940945,4940945,2.0
4940946,4940946,2.0
4940947,4940947,2.0
4940948,4940948,2.0
4940949,4940949,2.0
4940950,4940950,2.0
4940951,4940951,2.0
4940952,4940952,2.0
4940953,4940953,2.0
4940954,4940954,2.0
4940955,4940955,2.0
4940956,4940956,2.0
4940957,4940957,2.0
4940958,4940958,2.0
4940959,4940959,2.0
4940960,4940960,2.0
4940961,4940961,2.0
4940962,4940962,2.0
4940963,4940963,2.0
4940964,4940964,2.0
4940965,4940965,2.0
4940966,4940966,2.0
4940967,4940967,2.0
4940968,4940968,2.0
4940969,4940969,2.0
4940970,4940970,2.0
4940971,4940971,2.0
4940972,4940972,2.0
4940973,4940973,2.0
4940974,4940974,2.0
4940975,4940975,2.0
4940976,4940976,2.0
4940977,4940977,2.0
4940978,4940978,2.0
4940979,4940979,2.0
4940980,4940980,2.0
4940981,4940981,2.0
4940982,4940982,2.0
4940983,4940983,2.0
4940984,4940984,2.0
4940985,4940985,2.0
4940986,4940986,2.0
4940987,4940987,2.0
4940988,4940988,2.0
4940989,4940989,2.0
4940990,4940990,2.0
4940991,4940991,2.0
4940992,4940992,2.0
4940993,4940993,2.0
4940994,4940994,2.0
4940995,4940995,2.0
4940996,4940996,2.0
4940997,4940997,2.0
4940998,4940998,2.0
4940999,4940999,2.0
4941000,4941000,2.0
4941001,4941001,2.0
4941002,4941002,2.0
4941003,4941003,2.0
4941004,4941004,2.0
4941005,4941005,2.0
4941006,4941006,2.0
4941007,4941007,2.0
4941008,4941008,2.0
4941009,4941009,2.0
4941010,4941010,2.0
4941011,4941011,2.0
4941012,4941012,2.0
4941013,4941013,2.0
4941014,4941014,2.0
4941015,4941015,2.0
4941016,4941016,2.0
4941017,4941017,2.0
4941018,4941018,2.0
4941019,4941019,2.0
4941020,4941020,2.0
4941021,4941021,2.0
4941022,4941022,2.0
4941023,4941023,2.0
4941024,4941024,2.0
4941025,4941025,2.0
4941026,4941026,2.0
4941027,4941027,2.0
4941028,4941028,2.0
4941029,4941029,2.0
4941030,4941030,2.0
4941031,4941031,2.0
4941032,4941032,2.0
4941033,4941033,2.0
4941034,4941034,2.0
4941035,4941035,2.0
4941036,4941036,2.0
4941037,4941037,2.0
4941038,4941038,2.0
4941039,4941039,2.0
4941040,4941040,2.0
4941041,4941041,2.0
4941042,4941042,2.0
4941043,4941043,2.0
4941044,4941044,2.0
4941045,4941045,2.0
4941046,4941046,2.0
4941047,4941047,2.0
4941048,4941048,2.0
4941049,4941049,2.0
4941050,4941050,2.0
4941051,4941051,2.0
4941052,4941052,2.0
4941053,4941053,2.0
4941054,4941054,2.0
4941055,4941055,2.0
4941056,4941056,2.0
4941057,4941057,2.0
4941058,4941058,2.0
4941059,4941059,2.0
4941060,4941060,2.0
4941061,4941061,2.0
4941062,4941062,2.0
4941063,4941063,2.0
4941064,4941064,2.0
4941065,4941065,2.0
4941066,4941066,2.0
4941067,4941067,2.0
4941068,4941068,2.0
4941069,4941069,2.0
4941070,4941070,2.0
4941071,4941071,2.0
4941072,4941072,2.0
4941073,4941073,2.0
4941074,4941074,2.0
4941075,4941075,2.0
4941076,4941076,2.0
4941077,4941077,2.0
4941078,4941078,2.0
4941079,4941079,2.0
4941080,4941080,2.0
4941081,4941081,2.0
4941082,4941082,2.0
4941083,4941083,2.0
4941084,4941084,2.0
4941085,4941085,2.0
4941086,4941086,2.0
4941087,4941087,2.0
4941088,4941088,2.0
4941089,4941089,2.0
4941090,4941090,2.0
4941091,4941091,2.0
4941092,4941092,2.0
4941093,4941093,2.0
4941094,4941094,2.0
4941095,4941095,2.0
4941096,4941096,2.0
4941097,4941097,2.0
4941098,4941098,2.0
4941099,4941099,2.0
4941100,4941100,2.0
4941101,4941101,2.0
4941102,4941102,2.0
4941103,4941103,2.0
4941104,4941104,2.0
4941105,4941105,2.0
4941106,4941106,2.0
4941107,4941107,2.0
4941108,4941108,2.0
4941109,4941109,2.0
4941110,4941110,2.0
4941111,4941111,2.0
4941112,4941112,2.0
4941113,4941113,2.0
4941114,4941114,2.0
4941115,4941115,2.0
4941116,4941116,2.0
4941117,4941117,2.0
4941118,4941118,2.0
4941119,4941119,2.0
4941120,4941120,2.0
4941121,4941121,2.0
4941122,4941122,2.0
4941123,4941123,2.0
4941124,4941124,2.0
4941125,4941125,2.0
4941126,4941126,2.0
4941127,4941127,2.0
4941128,4941128,2.0
4941129,4941129,2.0
4941130,4941130,2.0
4941131,4941131,2.0
4941132,4941132,2.0
4941133,4941133,2.0
4941134,4941134,2.0
4941135,4941135,2.0
4941136,4941136,2.0
4941137,4941137,2.0
4941138,4941138,2.0
4941139,4941139,2.0
4941140,4941140,2.0
4941141,4941141,2.0
4941142,4941142,2.0
4941143,4941143,2.0
4941144,4941144,2.0
4941145,4941145,2.0
4941146,4941146,2.0
4941147,4941147,2.0
4941148,4941148,2.0
4941149,4941149,2.0
4941150,4941150,2.0
4941151,4941151,2.0
4941152,4941152,2.0
4941153,4941153,2.0
4941154,4941154,2.0
4941155,4941155,2.0
4941156,4941156,2.0
4941157,4941157,2.0
4941158,4941158,2.0
4941159,4941159,2.0
4941160,4941160,2.0
4941161,4941161,2.0
4941162,4941162,2.0
4941163,4941163,2.0
4941164,4941164,2.0
4941165,4941165,2.0
4941166,4941166,2.0
4941167,4941167,2.0
4941168,4941168,2.0
4941169,4941169,2.0
4941170,4941170,2.0
4941171,4941171,2.0
4941172,4941172,2.0
4941173,4941173,2.0
4941174,4941174,2.0
4941175,4941175,2.0
4941176,4941176,2.0
4941177,4941177,2.0
4941178,4941178,2.0
4941179,4941179,2.0
4941180,4941180,3.0
4941181,4941181,2.0
4941182,4941182,2.0
4941183,4941183,2.0
4941184,4941184,2.0
4941185,4941185,2.0
4941186,4941186,2.0
4941187,4941187,2.0
4941188,4941188,2.0
4941189,4941189,2.0
4941190,4941190,2.0
4941191,4941191,2.0
4941192,4941192,2.0
4941193,4941193,2.0
4941194,4941194,2.0
4941195,4941195,2.0
4941196,4941196,2.0
4941197,4941197,2.0
4941198,4941198,2.0
4941199,4941199,2.0
4941200,4941200,2.0
4941201,4941201,2.0
4941202,4941202,2.0
4941203,4941203,2.0
4941204,4941204,2.0
4941205,4941205,2.0
4941206,4941206,2.0
4941207,4941207,2.0
4941208,4941208,2.0
4941209,4941209,2.0
4941210,4941210,2.0
4941211,4941211,2.0
4941212,4941212,2.0
4941213,4941213,2.0
4941214,4941214,2.0
4941215,4941215,2.0
4941216,4941216,2.0
4941217,4941217,2.0
4941218,4941218,2.0
4941219,4941219,2.0
4941220,4941220,3.0
4941221,4941221,3.0
4941222,4941222,2.0
4941223,4941223,2.0
4941224,4941224,2.0
4941225,4941225,2.0
4941226,4941226,2.0
4941227,4941227,2.0
4941228,4941228,2.0
4941229,4941229,2.0
4941230,4941230,2.0
4941231,4941231,2.0
4941232,4941232,2.0
4941233,4941233,2.0
4941234,4941234,2.0
4941235,4941235,2.0
4941236,4941236,2.0
4941237,4941237,2.0
4941238,4941238,2.0
4941239,4941239,2.0
4941240,4941240,2.0
4941241,4941241,2.0
4941242,4941242,2.0
4941243,4941243,2.0
4941244,4941244,2.0
4941245,4941245,2.0
4941246,4941246,2.0
4941247,4941247,2.0
4941248,4941248,2.0
4941249,4941249,2.0
4941250,4941250,2.0
4941251,4941251,2.0
4941252,4941252,2.0
4941253,4941253,2.0
4941254,4941254,2.0
4941255,4941255,2.0
4941256,4941256,2.0
4941257,4941257,2.0
4941258,4941258,2.0
4941259,4941259,2.0
4941260,4941260,2.0
4941261,4941261,2.0
4941262,4941262,2.0
4941263,4941263,2.0
4941264,4941264,2.0
4941265,4941265,2.0
4941266,4941266,2.0
4941267,4941267,2.0
4941268,4941268,2.0
4941269,4941269,2.0
4941270,4941270,2.0
4941271,4941271,2.0
4941272,4941272,2.0
4941273,4941273,2.0
4941274,4941274,2.0
4941275,4941275,2.0
4941276,4941276,2.0
4941277,4941277,2.0
4941278,4941278,2.0
4941279,4941279,2.0
4941280,4941280,2.0
4941281,4941281,2.0
4941282,4941282,2.0
4941283,4941283,2.0
4941284,4941284,2.0
4941285,4941285,2.0
4941286,4941286,2.0
4941287,4941287,2.0
4941288,4941288,2.0
4941289,4941289,2.0
4941290,4941290,2.0
4941291,4941291,2.0
4941292,4941292,2.0
4941293,4941293,2.0
4941294,4941294,2.0
4941295,4941295,2.0
4941296,4941296,2.0
4941297,4941297,2.0
4941298,4941298,2.0
4941299,4941299,2.0
4941300,4941300,2.0
4941301,4941301,2.0
4941302,4941302,2.0
4941303,4941303,2.0
4941304,4941304,2.0
4941305,4941305,2.0
4941306,4941306,2.0
4941307,4941307,2.0
4941308,4941308,2.0
4941309,4941309,2.0
4941310,4941310,2.0
4941311,4941311,2.0
4941312,4941312,2.0
4941313,4941313,2.0
4941314,4941314,2.0
4941315,4941315,2.0
4941316,4941316,2.0
4941317,4941317,2.0
4941318,4941318,2.0
4941319,4941319,2.0
4941320,4941320,2.0
4941321,4941321,2.0
4941322,4941322,2.0
4941323,4941323,2.0
4941324,4941324,2.0
4941325,4941325,2.0
4941326,4941326,2.0
4941327,4941327,2.0
4941328,4941328,2.0
4941329,4941329,2.0
4941330,4941330,2.0
4941331,4941331,2.0
4941332,4941332,2.0
4941333,4941333,2.0
4941334,4941334,2.0
4941335,4941335,2.0
4941336,4941336,2.0
4941337,4941337,2.0
4941338,4941338,2.0
4941339,4941339,2.0
4941340,4941340,2.0
4941341,4941341,2.0
4941342,4941342,2.0
4941343,4941343,2.0
4941344,4941344,2.0
4941345,4941345,2.0
4941346,4941346,2.0
4941347,4941347,2.0
4941348,4941348,2.0
4941349,4941349,2.0
4941350,4941350,2.0
4941351,4941351,2.0
4941352,4941352,2.0
4941353,4941353,2.0
4941354,4941354,2.0
4941355,4941355,2.0
4941356,4941356,2.0
4941357,4941357,2.0
4941358,4941358,2.0
4941359,4941359,2.0
4941360,4941360,2.0
4941361,4941361,2.0
4941362,4941362,2.0
4941363,4941363,2.0
4941364,4941364,2.0
4941365,4941365,2.0
4941366,4941366,2.0
4941367,4941367,2.0
4941368,4941368,2.0
4941369,4941369,2.0
4941370,4941370,2.0
4941371,4941371,2.0
4941372,4941372,2.0
4941373,4941373,2.0
4941374,4941374,2.0
4941375,4941375,2.0
4941376,4941376,2.0
4941377,4941377,2.0
4941378,4941378,2.0
4941379,4941379,2.0
4941380,4941380,2.0
4941381,4941381,2.0
4941382,4941382,2.0
4941383,4941383,2.0
4941384,4941384,2.0
4941385,4941385,2.0
4941386,4941386,2.0
4941387,4941387,2.0
4941388,4941388,2.0
4941389,4941389,2.0
4941390,4941390,2.0
4941391,4941391,2.0
4941392,4941392,2.0
4941393,4941393,2.0
4941394,4941394,2.0
4941395,4941395,2.0
4941396,4941396,2.0
4941397,4941397,2.0
4941398,4941398,2.0
4941399,4941399,2.0
4941400,4941400,2.0
4941401,4941401,2.0
4941402,4941402,2.0
4941403,4941403,2.0
4941404,4941404,2.0
4941405,4941405,2.0
4941406,4941406,2.0
4941407,4941407,2.0
4941408,4941408,2.0
4941409,4941409,2.0
4941410,4941410,2.0
4941411,4941411,2.0
4941412,4941412,2.0
4941413,4941413,2.0
4941414,4941414,2.0
4941415,4941415,2.0
4941416,4941416,2.0
4941417,4941417,2.0
4941418,4941418,2.0
4941419,4941419,2.0
4941420,4941420,2.0
4941421,4941421,2.0
4941422,4941422,2.0
4941423,4941423,2.0
4941424,4941424,2.0
4941425,4941425,2.0
4941426,4941426,2.0
4941427,4941427,2.0
4941428,4941428,2.0
4941429,4941429,2.0
4941430,4941430,2.0
4941431,4941431,2.0
4941432,4941432,2.0
4941433,4941433,2.0
4941434,4941434,2.0
4941435,4941435,2.0
4941436,4941436,2.0
4941437,4941437,2.0
4941438,4941438,2.0
4941439,4941439,2.0
4941440,4941440,2.0
4941441,4941441,2.0
4941442,4941442,2.0
4941443,4941443,2.0
4941444,4941444,2.0
4941445,4941445,2.0
4941446,4941446,2.0
4941447,4941447,2.0
4941448,4941448,2.0
4941449,4941449,2.0
4941450,4941450,2.0
4941451,4941451,2.0
4941452,4941452,2.0
4941453,4941453,2.0
4941454,4941454,2.0
4941455,4941455,2.0
4941456,4941456,2.0
4941457,4941457,2.0
4941458,4941458,2.0
4941459,4941459,2.0
4941460,4941460,2.0
4941461,4941461,2.0
4941462,4941462,2.0
4941463,4941463,2.0
4941464,4941464,2.0
4941465,4941465,2.0
4941466,4941466,2.0
4941467,4941467,2.0
4941468,4941468,2.0
4941469,4941469,2.0
4941470,4941470,2.0
4941471,4941471,2.0
4941472,4941472,2.0
4941473,4941473,2.0
4941474,4941474,2.0
4941475,4941475,2.0
4941476,4941476,2.0
4941477,4941477,2.0
4941478,4941478,2.0
4941479,4941479,2.0
4941480,4941480,2.0
4941481,4941481,2.0
4941482,4941482,2.0
4941483,4941483,2.0
4941484,4941484,2.0
4941485,4941485,2.0
4941486,4941486,2.0
4941487,4941487,2.0
4941488,4941488,2.0
4941489,4941489,2.0
4941490,4941490,2.0
4941491,4941491,2.0
4941492,4941492,2.0
4941493,4941493,2.0
4941494,4941494,2.0
4941495,4941495,2.0
4941496,4941496,2.0
4941497,4941497,2.0
4941498,4941498,2.0
4941499,4941499,2.0
4941500,4941500,2.0
4941501,4941501,2.0
4941502,4941502,2.0
4941503,4941503,2.0
4941504,4941504,2.0
4941505,4941505,2.0
4941506,4941506,2.0
4941507,4941507,2.0
4941508,4941508,2.0
4941509,4941509,2.0
4941510,4941510,2.0
4941511,4941511,2.0
4941512,4941512,2.0
4941513,4941513,2.0
4941514,4941514,2.0
4941515,4941515,2.0
4941516,4941516,2.0
4941517,4941517,2.0
4941518,4941518,2.0
4941519,4941519,2.0
4941520,4941520,2.0
4941521,4941521,2.0
4941522,4941522,2.0
4941523,4941523,2.0
4941524,4941524,2.0
4941525,4941525,2.0
4941526,4941526,2.0
4941527,4941527,2.0
4941528,4941528,2.0
4941529,4941529,2.0
4941530,4941530,2.0
4941531,4941531,2.0
4941532,4941532,2.0
4941533,4941533,2.0
4941534,4941534,2.0
4941535,4941535,2.0
4941536,4941536,2.0
4941537,4941537,2.0
4941538,4941538,2.0
4941539,4941539,2.0
4941540,4941540,2.0
4941541,4941541,2.0
4941542,4941542,2.0
4941543,4941543,2.0
4941544,4941544,2.0
4941545,4941545,2.0
4941546,4941546,2.0
4941547,4941547,2.0
4941548,4941548,2.0
4941549,4941549,2.0
4941550,4941550,2.0
4941551,4941551,2.0
4941552,4941552,2.0
4941553,4941553,2.0
4941554,4941554,2.0
4941555,4941555,2.0
4941556,4941556,2.0
4941557,4941557,2.0
4941558,4941558,2.0
4941559,4941559,2.0
4941560,4941560,2.0
4941561,4941561,2.0
4941562,4941562,2.0
4941563,4941563,2.0
4941564,4941564,2.0
4941565,4941565,2.0
4941566,4941566,2.0
4941567,4941567,2.0
4941568,4941568,2.0
4941569,4941569,2.0
4941570,4941570,2.0
4941571,4941571,2.0
4941572,4941572,2.0
4941573,4941573,2.0
4941574,4941574,2.0
4941575,4941575,2.0
4941576,4941576,2.0
4941577,4941577,2.0
4941578,4941578,2.0
4941579,4941579,2.0
4941580,4941580,2.0
4941581,4941581,2.0
4941582,4941582,2.0
4941583,4941583,2.0
4941584,4941584,2.0
4941585,4941585,2.0
4941586,4941586,2.0
4941587,4941587,2.0
4941588,4941588,2.0
4941589,4941589,2.0
4941590,4941590,2.0
4941591,4941591,2.0
4941592,4941592,2.0
4941593,4941593,2.0
4941594,4941594,2.0
4941595,4941595,2.0
4941596,4941596,2.0
4941597,4941597,2.0
4941598,4941598,2.0
4941599,4941599,2.0
4941600,4941600,2.0
4941601,4941601,2.0
4941602,4941602,2.0
4941603,4941603,2.0
4941604,4941604,2.0
4941605,4941605,2.0
4941606,4941606,2.0
4941607,4941607,2.0
4941608,4941608,2.0
4941609,4941609,2.0
4941610,4941610,2.0
4941611,4941611,2.0
4941612,4941612,2.0
4941613,4941613,2.0
4941614,4941614,2.0
4941615,4941615,2.0
4941616,4941616,2.0
4941617,4941617,2.0
4941618,4941618,2.0
4941619,4941619,2.0
4941620,4941620,2.0
4941621,4941621,2.0
4941622,4941622,2.0
4941623,4941623,2.0
4941624,4941624,2.0
4941625,4941625,2.0
4941626,4941626,2.0
4941627,4941627,2.0
4941628,4941628,2.0
4941629,4941629,2.0
4941630,4941630,2.0
4941631,4941631,2.0
4941632,4941632,2.0
4941633,4941633,2.0
4941634,4941634,2.0
4941635,4941635,2.0
4941636,4941636,2.0
4941637,4941637,2.0
4941638,4941638,2.0
4941639,4941639,2.0
4941640,4941640,2.0
4941641,4941641,2.0
4941642,4941642,2.0
4941643,4941643,2.0
4941644,4941644,2.0
4941645,4941645,2.0
4941646,4941646,2.0
4941647,4941647,2.0
4941648,4941648,2.0
4941649,4941649,2.0
4941650,4941650,2.0
4941651,4941651,2.0
4941652,4941652,2.0
4941653,4941653,2.0
4941654,4941654,2.0
4941655,4941655,2.0
4941656,4941656,2.0
4941657,4941657,2.0
4941658,4941658,2.0
4941659,4941659,2.0
4941660,4941660,2.0
4941661,4941661,2.0
4941662,4941662,2.0
4941663,4941663,2.0
4941664,4941664,2.0
4941665,4941665,2.0
4941666,4941666,2.0
4941667,4941667,2.0
4941668,4941668,2.0
4941669,4941669,2.0
4941670,4941670,2.0
4941671,4941671,2.0
4941672,4941672,2.0
4941673,4941673,2.0
4941674,4941674,2.0
4941675,4941675,2.0
4941676,4941676,2.0
4941677,4941677,2.0
4941678,4941678,2.0
4941679,4941679,2.0
4941680,4941680,2.0
4941681,4941681,2.0
4941682,4941682,2.0
4941683,4941683,2.0
4941684,4941684,2.0
4941685,4941685,2.0
4941686,4941686,2.0
4941687,4941687,2.0
4941688,4941688,2.0
4941689,4941689,2.0
4941690,4941690,2.0
4941691,4941691,2.0
4941692,4941692,2.0
4941693,4941693,2.0
4941694,4941694,2.0
4941695,4941695,2.0
4941696,4941696,2.0
4941697,4941697,2.0
4941698,4941698,2.0
4941699,4941699,2.0
4941700,4941700,2.0
4941701,4941701,2.0
4941702,4941702,2.0
4941703,4941703,2.0
4941704,4941704,2.0
4941705,4941705,2.0
4941706,4941706,2.0
4941707,4941707,2.0
4941708,4941708,2.0
4941709,4941709,2.0
4941710,4941710,2.0
4941711,4941711,2.0
4941712,4941712,2.0
4941713,4941713,2.0
4941714,4941714,2.0
4941715,4941715,2.0
4941716,4941716,2.0
4941717,4941717,2.0
4941718,4941718,2.0
4941719,4941719,2.0
4941720,4941720,2.0
4941721,4941721,2.0
4941722,4941722,2.0
4941723,4941723,2.0
4941724,4941724,2.0
4941725,4941725,2.0
4941726,4941726,2.0
4941727,4941727,2.0
4941728,4941728,2.0
4941729,4941729,2.0
4941730,4941730,2.0
4941731,4941731,2.0
4941732,4941732,2.0
4941733,4941733,2.0
4941734,4941734,2.0
4941735,4941735,2.0
4941736,4941736,2.0
4941737,4941737,2.0
4941738,4941738,2.0
4941739,4941739,2.0
4941740,4941740,2.0
4941741,4941741,2.0
4941742,4941742,2.0
4941743,4941743,2.0
4941744,4941744,2.0
4941745,4941745,2.0
4941746,4941746,2.0
4941747,4941747,2.0
4941748,4941748,2.0
4941749,4941749,2.0
4941750,4941750,2.0
4941751,4941751,2.0
4941752,4941752,2.0
4941753,4941753,2.0
4941754,4941754,2.0
4941755,4941755,2.0
4941756,4941756,2.0
4941757,4941757,2.0
4941758,4941758,2.0
4941759,4941759,2.0
4941760,4941760,2.0
4941761,4941761,2.0
4941762,4941762,2.0
4941763,4941763,2.0
4941764,4941764,2.0
4941765,4941765,2.0
4941766,4941766,2.0
4941767,4941767,2.0
4941768,4941768,2.0
4941769,4941769,2.0
4941770,4941770,2.0
4941771,4941771,2.0
4941772,4941772,2.0
4941773,4941773,2.0
4941774,4941774,2.0
4941775,4941775,2.0
4941776,4941776,2.0
4941777,4941777,2.0
4941778,4941778,2.0
4941779,4941779,2.0
4941780,4941780,2.0
4941781,4941781,2.0
4941782,4941782,2.0
4941783,4941783,2.0
4941784,4941784,2.0
4941785,4941785,2.0
4941786,4941786,2.0
4941787,4941787,2.0
4941788,4941788,2.0
4941789,4941789,2.0
4941790,4941790,2.0
4941791,4941791,2.0
4941792,4941792,2.0
4941793,4941793,2.0
4941794,4941794,2.0
4941795,4941795,2.0
4941796,4941796,2.0
4941797,4941797,2.0
4941798,4941798,2.0
4941799,4941799,2.0
4941800,4941800,2.0
4941801,4941801,2.0
4941802,4941802,2.0
4941803,4941803,2.0
4941804,4941804,2.0
4941805,4941805,2.0
4941806,4941806,2.0
4941807,4941807,2.0
4941808,4941808,2.0
4941809,4941809,2.0
4941810,4941810,2.0
4941811,4941811,2.0
4941812,4941812,2.0
4941813,4941813,2.0
4941814,4941814,2.0
4941815,4941815,2.0
4941816,4941816,2.0
4941817,4941817,2.0
4941818,4941818,2.0
4941819,4941819,2.0
4941820,4941820,2.0
4941821,4941821,2.0
4941822,4941822,2.0
4941823,4941823,2.0
4941824,4941824,2.0
4941825,4941825,2.0
4941826,4941826,2.0
4941827,4941827,2.0
4941828,4941828,2.0
4941829,4941829,2.0
4941830,4941830,2.0
4941831,4941831,2.0
4941832,4941832,2.0
4941833,4941833,2.0
4941834,4941834,2.0
4941835,4941835,2.0
4941836,4941836,2.0
4941837,4941837,2.0
4941838,4941838,2.0
4941839,4941839,2.0
4941840,4941840,2.0
4941841,4941841,2.0
4941842,4941842,2.0
4941843,4941843,2.0
4941844,4941844,2.0
4941845,4941845,2.0
4941846,4941846,2.0
4941847,4941847,2.0
4941848,4941848,2.0
4941849,4941849,2.0
4941850,4941850,2.0
4941851,4941851,2.0
4941852,4941852,2.0
4941853,4941853,2.0
4941854,4941854,2.0
4941855,4941855,2.0
4941856,4941856,2.0
4941857,4941857,2.0
4941858,4941858,2.0
4941859,4941859,2.0
4941860,4941860,2.0
4941861,4941861,2.0
4941862,4941862,2.0
4941863,4941863,2.0
4941864,4941864,2.0
4941865,4941865,2.0
4941866,4941866,2.0
4941867,4941867,2.0
4941868,4941868,2.0
4941869,4941869,2.0
4941870,4941870,2.0
4941871,4941871,2.0
4941872,4941872,2.0
4941873,4941873,2.0
4941874,4941874,2.0
4941875,4941875,2.0
4941876,4941876,2.0
4941877,4941877,2.0
4941878,4941878,2.0
4941879,4941879,2.0
4941880,4941880,2.0
4941881,4941881,2.0
4941882,4941882,2.0
4941883,4941883,2.0
4941884,4941884,2.0
4941885,4941885,2.0
4941886,4941886,2.0
4941887,4941887,2.0
4941888,4941888,2.0
4941889,4941889,2.0
4941890,4941890,2.0
4941891,4941891,2.0
4941892,4941892,2.0
4941893,4941893,2.0
4941894,4941894,2.0
4941895,4941895,2.0
4941896,4941896,2.0
4941897,4941897,2.0
4941898,4941898,2.0
4941899,4941899,2.0
4941900,4941900,2.0
4941901,4941901,2.0
4941902,4941902,2.0
4941903,4941903,2.0
4941904,4941904,2.0
4941905,4941905,2.0
4941906,4941906,2.0
4941907,4941907,2.0
4941908,4941908,2.0
4941909,4941909,2.0
4941910,4941910,2.0
4941911,4941911,2.0
4941912,4941912,2.0
4941913,4941913,2.0
4941914,4941914,2.0
4941915,4941915,2.0
4941916,4941916,2.0
4941917,4941917,2.0
4941918,4941918,2.0
4941919,4941919,2.0
4941920,4941920,2.0
4941921,4941921,2.0
4941922,4941922,2.0
4941923,4941923,2.0
4941924,4941924,2.0
4941925,4941925,2.0
4941926,4941926,2.0
4941927,4941927,2.0
4941928,4941928,2.0
4941929,4941929,2.0
4941930,4941930,2.0
4941931,4941931,2.0
4941932,4941932,2.0
4941933,4941933,2.0
4941934,4941934,2.0
4941935,4941935,2.0
4941936,4941936,2.0
4941937,4941937,2.0
4941938,4941938,2.0
4941939,4941939,2.0
4941940,4941940,2.0
4941941,4941941,2.0
4941942,4941942,2.0
4941943,4941943,2.0
4941944,4941944,2.0
4941945,4941945,2.0
4941946,4941946,2.0
4941947,4941947,2.0
4941948,4941948,2.0
4941949,4941949,2.0
4941950,4941950,2.0
4941951,4941951,2.0
4941952,4941952,2.0
4941953,4941953,2.0
4941954,4941954,2.0
4941955,4941955,2.0
4941956,4941956,2.0
4941957,4941957,2.0
4941958,4941958,2.0
4941959,4941959,2.0
4941960,4941960,2.0
4941961,4941961,2.0
4941962,4941962,2.0
4941963,4941963,2.0
4941964,4941964,2.0
4941965,4941965,2.0
4941966,4941966,2.0
4941967,4941967,2.0
4941968,4941968,2.0
4941969,4941969,2.0
4941970,4941970,2.0
4941971,4941971,2.0
4941972,4941972,2.0
4941973,4941973,2.0
4941974,4941974,2.0
4941975,4941975,2.0
4941976,4941976,2.0
4941977,4941977,2.0
4941978,4941978,2.0
4941979,4941979,2.0
4941980,4941980,2.0
4941981,4941981,2.0
4941982,4941982,2.0
4941983,4941983,2.0
4941984,4941984,2.0
4941985,4941985,2.0
4941986,4941986,2.0
4941987,4941987,2.0
4941988,4941988,2.0
4941989,4941989,2.0
4941990,4941990,2.0
4941991,4941991,2.0
4941992,4941992,2.0
4941993,4941993,2.0
4941994,4941994,2.0
4941995,4941995,2.0
4941996,4941996,2.0
4941997,4941997,2.0
4941998,4941998,2.0
4941999,4941999,2.0
4942000,4942000,2.0
4942001,4942001,2.0
4942002,4942002,2.0
4942003,4942003,2.0
4942004,4942004,2.0
4942005,4942005,2.0
4942006,4942006,2.0
4942007,4942007,2.0
4942008,4942008,2.0
4942009,4942009,2.0
4942010,4942010,2.0
4942011,4942011,2.0
4942012,4942012,2.0
4942013,4942013,2.0
4942014,4942014,2.0
4942015,4942015,2.0
4942016,4942016,2.0
4942017,4942017,2.0
4942018,4942018,2.0
4942019,4942019,2.0
4942020,4942020,2.0
4942021,4942021,2.0
4942022,4942022,2.0
4942023,4942023,2.0
4942024,4942024,2.0
4942025,4942025,2.0
4942026,4942026,2.0
4942027,4942027,2.0
4942028,4942028,2.0
4942029,4942029,2.0
4942030,4942030,2.0
4942031,4942031,2.0
4942032,4942032,2.0
4942033,4942033,2.0
4942034,4942034,2.0
4942035,4942035,2.0
4942036,4942036,2.0
4942037,4942037,2.0
4942038,4942038,2.0
4942039,4942039,2.0
4942040,4942040,2.0
4942041,4942041,2.0
4942042,4942042,2.0
4942043,4942043,2.0
4942044,4942044,2.0
4942045,4942045,2.0
4942046,4942046,2.0
4942047,4942047,2.0
4942048,4942048,2.0
4942049,4942049,2.0
4942050,4942050,2.0
4942051,4942051,2.0
4942052,4942052,2.0
4942053,4942053,2.0
4942054,4942054,2.0
4942055,4942055,2.0
4942056,4942056,2.0
4942057,4942057,2.0
4942058,4942058,2.0
4942059,4942059,2.0
4942060,4942060,2.0
4942061,4942061,2.0
4942062,4942062,2.0
4942063,4942063,2.0
4942064,4942064,2.0
4942065,4942065,2.0
4942066,4942066,2.0
4942067,4942067,2.0
4942068,4942068,2.0
4942069,4942069,2.0
4942070,4942070,2.0
4942071,4942071,2.0
4942072,4942072,2.0
4942073,4942073,2.0
4942074,4942074,2.0
4942075,4942075,2.0
4942076,4942076,2.0
4942077,4942077,2.0
4942078,4942078,2.0
4942079,4942079,2.0
4942080,4942080,2.0
4942081,4942081,2.0
4942082,4942082,2.0
4942083,4942083,2.0
4942084,4942084,2.0
4942085,4942085,2.0
4942086,4942086,2.0
4942087,4942087,2.0
4942088,4942088,2.0
4942089,4942089,2.0
4942090,4942090,2.0
4942091,4942091,2.0
4942092,4942092,2.0
4942093,4942093,2.0
4942094,4942094,2.0
4942095,4942095,2.0
4942096,4942096,2.0
4942097,4942097,2.0
4942098,4942098,2.0
4942099,4942099,2.0
4942100,4942100,2.0
4942101,4942101,2.0
4942102,4942102,2.0
4942103,4942103,2.0
4942104,4942104,2.0
4942105,4942105,2.0
4942106,4942106,2.0
4942107,4942107,2.0
4942108,4942108,2.0
4942109,4942109,2.0
4942110,4942110,2.0
4942111,4942111,2.0
4942112,4942112,2.0
4942113,4942113,2.0
4942114,4942114,2.0
4942115,4942115,2.0
4942116,4942116,2.0
4942117,4942117,2.0
4942118,4942118,2.0
4942119,4942119,2.0
4942120,4942120,2.0
4942121,4942121,2.0
4942122,4942122,2.0
4942123,4942123,2.0
4942124,4942124,2.0
4942125,4942125,2.0
4942126,4942126,2.0
4942127,4942127,2.0
4942128,4942128,2.0
4942129,4942129,2.0
4942130,4942130,2.0
4942131,4942131,2.0
4942132,4942132,2.0
4942133,4942133,2.0
4942134,4942134,2.0
4942135,4942135,2.0
4942136,4942136,2.0
4942137,4942137,2.0
4942138,4942138,2.0
4942139,4942139,2.0
4942140,4942140,2.0
4942141,4942141,2.0
4942142,4942142,2.0
4942143,4942143,2.0
4942144,4942144,2.0
4942145,4942145,2.0
4942146,4942146,2.0
4942147,4942147,2.0
4942148,4942148,2.0
4942149,4942149,2.0
4942150,4942150,2.0
4942151,4942151,2.0
4942152,4942152,2.0
4942153,4942153,2.0
4942154,4942154,2.0
4942155,4942155,2.0
4942156,4942156,2.0
4942157,4942157,2.0
4942158,4942158,2.0
4942159,4942159,2.0
4942160,4942160,2.0
4942161,4942161,2.0
4942162,4942162,2.0
4942163,4942163,19.0
4942164,4942164,14.0
4942165,4942165,13.0
4942166,4942166,13.0
4942167,4942167,12.0
4942168,4942168,13.0
4942169,4942169,13.0
4942170,4942170,13.0
4942171,4942171,13.0
4942172,4942172,14.0
4942173,4942173,14.0
4942174,4942174,15.0
4942175,4942175,15.0
4942176,4942176,16.0
4942177,4942177,16.0
4942178,4942178,17.0
4942179,4942179,18.0
4942180,4942180,18.0
4942181,4942181,19.0
4942182,4942182,17.0
4942183,4942183,14.0
4942184,4942184,13.0
4942185,4942185,12.0
4942186,4942186,13.0
4942187,4942187,12.0
4942188,4942188,13.0
4942189,4942189,13.0
4942190,4942190,13.0
4942191,4942191,13.0
4942192,4942192,13.0
4942193,4942193,13.0
4942194,4942194,14.0
4942195,4942195,15.0
4942196,4942196,16.0
4942197,4942197,16.0
4942198,4942198,16.0
4942199,4942199,17.0
4942200,4942200,18.0
4942201,4942201,17.0
4942202,4942202,19.0
4942203,4942203,15.0
4942204,4942204,13.0
4942205,4942205,13.0
4942206,4942206,12.0
4942207,4942207,12.0
4942208,4942208,12.0
4942209,4942209,13.0
4942210,4942210,13.0
4942211,4942211,13.0
4942212,4942212,14.0
4942213,4942213,14.0
4942214,4942214,15.0
4942215,4942215,15.0
4942216,4942216,16.0
4942217,4942217,17.0
4942218,4942218,17.0
4942219,4942219,18.0
4942220,4942220,17.0
4942221,4942221,18.0
4942222,4942222,14.0
4942223,4942223,12.0
4942224,4942224,12.0
4942225,4942225,13.0
4942226,4942226,12.0
4942227,4942227,12.0
4942228,4942228,13.0
4942229,4942229,14.0
4942230,4942230,14.0
4942231,4942231,15.0
4942232,4942232,16.0
4942233,4942233,16.0
4942234,4942234,17.0
4942235,4942235,17.0
4942236,4942236,18.0
4942237,4942237,16.0
4942238,4942238,13.0
4942239,4942239,13.0
4942240,4942240,12.0
4942241,4942241,13.0
4942242,4942242,13.0
4942243,4942243,13.0
4942244,4942244,14.0
4942245,4942245,15.0
4942246,4942246,16.0
4942247,4942247,16.0
4942248,4942248,18.0
4942249,4942249,17.0
4942250,4942250,18.0
4942251,4942251,16.0
4942252,4942252,13.0
4942253,4942253,12.0
4942254,4942254,12.0
4942255,4942255,13.0
4942256,4942256,13.0
4942257,4942257,14.0
4942258,4942258,14.0
4942259,4942259,15.0
4942260,4942260,16.0
4942261,4942261,16.0
4942262,4942262,17.0
4942263,4942263,17.0
4942264,4942264,17.0
4942265,4942265,14.0
4942266,4942266,13.0
4942267,4942267,12.0
4942268,4942268,13.0
4942269,4942269,13.0
4942270,4942270,13.0
4942271,4942271,14.0
4942272,4942272,15.0
4942273,4942273,15.0
4942274,4942274,16.0
4942275,4942275,17.0
4942276,4942276,2.0
4942277,4942277,2.0
4942278,4942278,2.0
4942279,4942279,2.0
4942280,4942280,2.0
4942281,4942281,2.0
4942282,4942282,2.0
4942283,4942283,2.0
4942284,4942284,2.0
4942285,4942285,2.0
4942286,4942286,2.0
4942287,4942287,2.0
4942288,4942288,2.0
4942289,4942289,2.0
4942290,4942290,2.0
4942291,4942291,2.0
4942292,4942292,2.0
4942293,4942293,2.0
4942294,4942294,2.0
4942295,4942295,2.0
4942296,4942296,2.0
4942297,4942297,2.0
4942298,4942298,2.0
4942299,4942299,2.0
4942300,4942300,2.0
4942301,4942301,2.0
4942302,4942302,2.0
4942303,4942303,2.0
4942304,4942304,2.0
4942305,4942305,2.0
4942306,4942306,2.0
4942307,4942307,2.0
4942308,4942308,2.0
4942309,4942309,2.0
4942310,4942310,2.0
4942311,4942311,2.0
4942312,4942312,2.0
4942313,4942313,2.0
4942314,4942314,2.0
4942315,4942315,2.0
4942316,4942316,2.0
4942317,4942317,2.0
4942318,4942318,2.0
4942319,4942319,2.0
4942320,4942320,2.0
4942321,4942321,2.0
4942322,4942322,2.0
4942323,4942323,2.0
4942324,4942324,2.0
4942325,4942325,2.0
4942326,4942326,2.0
4942327,4942327,2.0
4942328,4942328,2.0
4942329,4942329,2.0
4942330,4942330,2.0
4942331,4942331,2.0
4942332,4942332,2.0
4942333,4942333,2.0
4942334,4942334,2.0
4942335,4942335,2.0
4942336,4942336,2.0
4942337,4942337,2.0
4942338,4942338,2.0
4942339,4942339,2.0
4942340,4942340,2.0
4942341,4942341,2.0
4942342,4942342,2.0
4942343,4942343,2.0
4942344,4942344,2.0
4942345,4942345,2.0
4942346,4942346,2.0
4942347,4942347,2.0
4942348,4942348,2.0
4942349,4942349,2.0
4942350,4942350,2.0
4942351,4942351,2.0
4942352,4942352,2.0
4942353,4942353,2.0
4942354,4942354,2.0
4942355,4942355,2.0
4942356,4942356,2.0
4942357,4942357,2.0
4942358,4942358,2.0
4942359,4942359,2.0
4942360,4942360,2.0
4942361,4942361,2.0
4942362,4942362,2.0
4942363,4942363,2.0
4942364,4942364,2.0
4942365,4942365,2.0
4942366,4942366,2.0
4942367,4942367,2.0
4942368,4942368,2.0
4942369,4942369,2.0
4942370,4942370,2.0
4942371,4942371,2.0
4942372,4942372,2.0
4942373,4942373,2.0
4942374,4942374,2.0
4942375,4942375,2.0
4942376,4942376,2.0
4942377,4942377,2.0
4942378,4942378,2.0
4942379,4942379,2.0
4942380,4942380,2.0
4942381,4942381,2.0
4942382,4942382,2.0
4942383,4942383,2.0
4942384,4942384,2.0
4942385,4942385,2.0
4942386,4942386,2.0
4942387,4942387,2.0
4942388,4942388,2.0
4942389,4942389,2.0
4942390,4942390,2.0
4942391,4942391,2.0
4942392,4942392,2.0
4942393,4942393,2.0
4942394,4942394,2.0
4942395,4942395,2.0
4942396,4942396,2.0
4942397,4942397,2.0
4942398,4942398,2.0
4942399,4942399,2.0
4942400,4942400,2.0
4942401,4942401,2.0
4942402,4942402,2.0
4942403,4942403,2.0
4942404,4942404,2.0
4942405,4942405,2.0
4942406,4942406,2.0
4942407,4942407,2.0
4942408,4942408,2.0
4942409,4942409,2.0
4942410,4942410,2.0
4942411,4942411,2.0
4942412,4942412,2.0
4942413,4942413,2.0
4942414,4942414,2.0
4942415,4942415,2.0
4942416,4942416,2.0
4942417,4942417,2.0
4942418,4942418,2.0
4942419,4942419,2.0
4942420,4942420,2.0
4942421,4942421,2.0
4942422,4942422,2.0
4942423,4942423,2.0
4942424,4942424,2.0
4942425,4942425,2.0
4942426,4942426,2.0
4942427,4942427,2.0
4942428,4942428,2.0
4942429,4942429,2.0
4942430,4942430,2.0
4942431,4942431,2.0
4942432,4942432,2.0
4942433,4942433,2.0
4942434,4942434,2.0
4942435,4942435,2.0
4942436,4942436,2.0
4942437,4942437,2.0
4942438,4942438,2.0
4942439,4942439,2.0
4942440,4942440,2.0
4942441,4942441,2.0
4942442,4942442,2.0
4942443,4942443,2.0
4942444,4942444,2.0
4942445,4942445,2.0
4942446,4942446,2.0
4942447,4942447,2.0
4942448,4942448,2.0
4942449,4942449,2.0
4942450,4942450,2.0
4942451,4942451,2.0
4942452,4942452,2.0
4942453,4942453,2.0
4942454,4942454,2.0
4942455,4942455,2.0
4942456,4942456,2.0
4942457,4942457,2.0
4942458,4942458,2.0
4942459,4942459,2.0
4942460,4942460,2.0
4942461,4942461,2.0
4942462,4942462,2.0
4942463,4942463,2.0
4942464,4942464,2.0
4942465,4942465,2.0
4942466,4942466,2.0
4942467,4942467,2.0
4942468,4942468,2.0
4942469,4942469,2.0
4942470,4942470,2.0
4942471,4942471,2.0
4942472,4942472,2.0
4942473,4942473,2.0
4942474,4942474,2.0
4942475,4942475,2.0
4942476,4942476,2.0
4942477,4942477,2.0
4942478,4942478,2.0
4942479,4942479,2.0
4942480,4942480,2.0
4942481,4942481,2.0
4942482,4942482,2.0
4942483,4942483,2.0
4942484,4942484,2.0
4942485,4942485,2.0
4942486,4942486,2.0
4942487,4942487,2.0
4942488,4942488,2.0
4942489,4942489,2.0
4942490,4942490,2.0
4942491,4942491,2.0
4942492,4942492,2.0
4942493,4942493,2.0
4942494,4942494,2.0
4942495,4942495,2.0
4942496,4942496,2.0
4942497,4942497,2.0
4942498,4942498,2.0
4942499,4942499,2.0
4942500,4942500,2.0
4942501,4942501,2.0
4942502,4942502,2.0
4942503,4942503,2.0
4942504,4942504,2.0
4942505,4942505,2.0
4942506,4942506,2.0
4942507,4942507,2.0
4942508,4942508,2.0
4942509,4942509,2.0
4942510,4942510,2.0
4942511,4942511,2.0
4942512,4942512,2.0
4942513,4942513,2.0
4942514,4942514,2.0
4942515,4942515,2.0
4942516,4942516,2.0
4942517,4942517,2.0
4942518,4942518,2.0
4942519,4942519,2.0
4942520,4942520,2.0
4942521,4942521,2.0
4942522,4942522,2.0
4942523,4942523,2.0
4942524,4942524,2.0
4942525,4942525,2.0
4942526,4942526,2.0
4942527,4942527,2.0
4942528,4942528,2.0
4942529,4942529,2.0
4942530,4942530,2.0
4942531,4942531,2.0
4942532,4942532,2.0
4942533,4942533,2.0
4942534,4942534,2.0
4942535,4942535,2.0
4942536,4942536,2.0
4942537,4942537,2.0
4942538,4942538,2.0
4942539,4942539,2.0
4942540,4942540,2.0
4942541,4942541,2.0
4942542,4942542,2.0
4942543,4942543,2.0
4942544,4942544,2.0
4942545,4942545,2.0
4942546,4942546,2.0
4942547,4942547,2.0
4942548,4942548,2.0
4942549,4942549,2.0
4942550,4942550,2.0
4942551,4942551,2.0
4942552,4942552,2.0
4942553,4942553,2.0
4942554,4942554,2.0
4942555,4942555,2.0
4942556,4942556,2.0
4942557,4942557,2.0
4942558,4942558,2.0
4942559,4942559,2.0
4942560,4942560,2.0
4942561,4942561,2.0
4942562,4942562,2.0
4942563,4942563,2.0
4942564,4942564,2.0
4942565,4942565,2.0
4942566,4942566,2.0
4942567,4942567,2.0
4942568,4942568,2.0
4942569,4942569,2.0
4942570,4942570,2.0
4942571,4942571,2.0
4942572,4942572,2.0
4942573,4942573,2.0
4942574,4942574,2.0
4942575,4942575,2.0
4942576,4942576,2.0
4942577,4942577,2.0
4942578,4942578,2.0
4942579,4942579,2.0
4942580,4942580,2.0
4942581,4942581,2.0
4942582,4942582,2.0
4942583,4942583,2.0
4942584,4942584,2.0
4942585,4942585,2.0
4942586,4942586,2.0
4942587,4942587,2.0
4942588,4942588,2.0
4942589,4942589,2.0
4942590,4942590,2.0
4942591,4942591,2.0
4942592,4942592,2.0
4942593,4942593,2.0
4942594,4942594,2.0
4942595,4942595,2.0
4942596,4942596,2.0
4942597,4942597,2.0
4942598,4942598,2.0
4942599,4942599,2.0
4942600,4942600,2.0
4942601,4942601,2.0
4942602,4942602,2.0
4942603,4942603,2.0
4942604,4942604,2.0
4942605,4942605,2.0
4942606,4942606,2.0
4942607,4942607,2.0
4942608,4942608,2.0
4942609,4942609,2.0
4942610,4942610,2.0
4942611,4942611,2.0
4942612,4942612,2.0
4942613,4942613,2.0
4942614,4942614,2.0
4942615,4942615,2.0
4942616,4942616,2.0
4942617,4942617,2.0
4942618,4942618,2.0
4942619,4942619,2.0
4942620,4942620,2.0
4942621,4942621,2.0
4942622,4942622,2.0
4942623,4942623,2.0
4942624,4942624,2.0
4942625,4942625,2.0
4942626,4942626,2.0
4942627,4942627,2.0
4942628,4942628,2.0
4942629,4942629,2.0
4942630,4942630,2.0
4942631,4942631,2.0
4942632,4942632,2.0
4942633,4942633,2.0
4942634,4942634,2.0
4942635,4942635,2.0
4942636,4942636,2.0
4942637,4942637,2.0
4942638,4942638,2.0
4942639,4942639,2.0
4942640,4942640,2.0
4942641,4942641,2.0
4942642,4942642,2.0
4942643,4942643,2.0
4942644,4942644,2.0
4942645,4942645,2.0
4942646,4942646,2.0
4942647,4942647,2.0
4942648,4942648,2.0
4942649,4942649,2.0
4942650,4942650,2.0
4942651,4942651,2.0
4942652,4942652,2.0
4942653,4942653,2.0
4942654,4942654,2.0
4942655,4942655,2.0
4942656,4942656,2.0
4942657,4942657,2.0
4942658,4942658,2.0
4942659,4942659,2.0
4942660,4942660,2.0
4942661,4942661,2.0
4942662,4942662,2.0
4942663,4942663,2.0
4942664,4942664,2.0
4942665,4942665,2.0
4942666,4942666,2.0
4942667,4942667,2.0
4942668,4942668,2.0
4942669,4942669,2.0
4942670,4942670,2.0
4942671,4942671,2.0
4942672,4942672,2.0
4942673,4942673,2.0
4942674,4942674,2.0
4942675,4942675,2.0
4942676,4942676,2.0
4942677,4942677,2.0
4942678,4942678,2.0
4942679,4942679,2.0
4942680,4942680,2.0
4942681,4942681,2.0
4942682,4942682,2.0
4942683,4942683,2.0
4942684,4942684,2.0
4942685,4942685,2.0
4942686,4942686,2.0
4942687,4942687,2.0
4942688,4942688,2.0
4942689,4942689,2.0
4942690,4942690,2.0
4942691,4942691,2.0
4942692,4942692,2.0
4942693,4942693,2.0
4942694,4942694,2.0
4942695,4942695,2.0
4942696,4942696,2.0
4942697,4942697,2.0
4942698,4942698,2.0
4942699,4942699,2.0
4942700,4942700,2.0
4942701,4942701,2.0
4942702,4942702,2.0
4942703,4942703,2.0
4942704,4942704,2.0
4942705,4942705,2.0
4942706,4942706,2.0
4942707,4942707,2.0
4942708,4942708,2.0
4942709,4942709,2.0
4942710,4942710,2.0
4942711,4942711,2.0
4942712,4942712,2.0
4942713,4942713,2.0
4942714,4942714,2.0
4942715,4942715,2.0
4942716,4942716,2.0
4942717,4942717,2.0
4942718,4942718,2.0
4942719,4942719,2.0
4942720,4942720,2.0
4942721,4942721,2.0
4942722,4942722,2.0
4942723,4942723,2.0
4942724,4942724,2.0
4942725,4942725,2.0
4942726,4942726,2.0
4942727,4942727,2.0
4942728,4942728,2.0
4942729,4942729,2.0
4942730,4942730,2.0
4942731,4942731,2.0
4942732,4942732,2.0
4942733,4942733,2.0
4942734,4942734,2.0
4942735,4942735,2.0
4942736,4942736,2.0
4942737,4942737,2.0
4942738,4942738,2.0
4942739,4942739,2.0
4942740,4942740,2.0
4942741,4942741,2.0
4942742,4942742,2.0
4942743,4942743,2.0
4942744,4942744,2.0
4942745,4942745,2.0
4942746,4942746,2.0
4942747,4942747,2.0
4942748,4942748,2.0
4942749,4942749,2.0
4942750,4942750,2.0
4942751,4942751,2.0
4942752,4942752,2.0
4942753,4942753,2.0
4942754,4942754,2.0
4942755,4942755,2.0
4942756,4942756,2.0
4942757,4942757,2.0
4942758,4942758,2.0
4942759,4942759,2.0
4942760,4942760,2.0
4942761,4942761,2.0
4942762,4942762,2.0
4942763,4942763,2.0
4942764,4942764,2.0
4942765,4942765,2.0
4942766,4942766,2.0
4942767,4942767,2.0
4942768,4942768,2.0
4942769,4942769,2.0
4942770,4942770,2.0
4942771,4942771,2.0
4942772,4942772,2.0
4942773,4942773,2.0
4942774,4942774,2.0
4942775,4942775,2.0
4942776,4942776,2.0
4942777,4942777,2.0
4942778,4942778,2.0
4942779,4942779,2.0
4942780,4942780,2.0
4942781,4942781,2.0
4942782,4942782,2.0
4942783,4942783,2.0
4942784,4942784,2.0
4942785,4942785,2.0
4942786,4942786,2.0
4942787,4942787,2.0
4942788,4942788,2.0
4942789,4942789,2.0
4942790,4942790,2.0
4942791,4942791,2.0
4942792,4942792,2.0
4942793,4942793,2.0
4942794,4942794,2.0
4942795,4942795,2.0
4942796,4942796,2.0
4942797,4942797,2.0
4942798,4942798,2.0
4942799,4942799,2.0
4942800,4942800,2.0
4942801,4942801,2.0
4942802,4942802,2.0
4942803,4942803,2.0
4942804,4942804,2.0
4942805,4942805,2.0
4942806,4942806,2.0
4942807,4942807,2.0
4942808,4942808,2.0
4942809,4942809,2.0
4942810,4942810,2.0
4942811,4942811,2.0
4942812,4942812,2.0
4942813,4942813,2.0
4942814,4942814,2.0
4942815,4942815,2.0
4942816,4942816,2.0
4942817,4942817,2.0
4942818,4942818,2.0
4942819,4942819,2.0
4942820,4942820,2.0
4942821,4942821,2.0
4942822,4942822,2.0
4942823,4942823,2.0
4942824,4942824,2.0
4942825,4942825,2.0
4942826,4942826,2.0
4942827,4942827,2.0
4942828,4942828,2.0
4942829,4942829,2.0
4942830,4942830,2.0
4942831,4942831,2.0
4942832,4942832,2.0
4942833,4942833,2.0
4942834,4942834,2.0
4942835,4942835,2.0
4942836,4942836,2.0
4942837,4942837,2.0
4942838,4942838,2.0
4942839,4942839,2.0
4942840,4942840,2.0
4942841,4942841,2.0
4942842,4942842,2.0
4942843,4942843,2.0
4942844,4942844,2.0
4942845,4942845,2.0
4942846,4942846,2.0
4942847,4942847,2.0
4942848,4942848,2.0
4942849,4942849,2.0
4942850,4942850,2.0
4942851,4942851,2.0
4942852,4942852,2.0
4942853,4942853,2.0
4942854,4942854,2.0
4942855,4942855,2.0
4942856,4942856,2.0
4942857,4942857,2.0
4942858,4942858,2.0
4942859,4942859,2.0
4942860,4942860,2.0
4942861,4942861,2.0
4942862,4942862,2.0
4942863,4942863,2.0
4942864,4942864,2.0
4942865,4942865,2.0
4942866,4942866,2.0
4942867,4942867,2.0
4942868,4942868,2.0
4942869,4942869,2.0
4942870,4942870,2.0
4942871,4942871,2.0
4942872,4942872,2.0
4942873,4942873,2.0
4942874,4942874,2.0
4942875,4942875,2.0
4942876,4942876,2.0
4942877,4942877,2.0
4942878,4942878,2.0
4942879,4942879,2.0
4942880,4942880,2.0
4942881,4942881,2.0
4942882,4942882,2.0
4942883,4942883,2.0
4942884,4942884,25.0
4942885,4942885,13.0
4942886,4942886,14.0
4942887,4942887,15.0
4942888,4942888,16.0
4942889,4942889,17.0
4942890,4942890,18.0
4942891,4942891,18.0
4942892,4942892,16.0
4942893,4942893,13.0
4942894,4942894,13.0
4942895,4942895,12.0
4942896,4942896,12.0
4942897,4942897,13.0
4942898,4942898,14.0
4942899,4942899,14.0
4942900,4942900,15.0
4942901,4942901,16.0
4942902,4942902,16.0
4942903,4942903,17.0
4942904,4942904,18.0
4942905,4942905,18.0
4942906,4942906,19.0
4942907,4942907,16.0
4942908,4942908,13.0
4942909,4942909,13.0
4942910,4942910,12.0
4942911,4942911,13.0
4942912,4942912,13.0
4942913,4942913,12.0
4942914,4942914,13.0
4942915,4942915,14.0
4942916,4942916,15.0
4942917,4942917,16.0
4942918,4942918,17.0
4942919,4942919,17.0
4942920,4942920,18.0
4942921,4942921,18.0
4942922,4942922,17.0
4942923,4942923,17.0
4942924,4942924,15.0
4942925,4942925,13.0
4942926,4942926,12.0
4942927,4942927,12.0
4942928,4942928,12.0
4942929,4942929,13.0
4942930,4942930,13.0
4942931,4942931,13.0
4942932,4942932,13.0
4942933,4942933,14.0
4942934,4942934,15.0
4942935,4942935,15.0
4942936,4942936,16.0
4942937,4942937,16.0
4942938,4942938,17.0
4942939,4942939,17.0
4942940,4942940,18.0
4942941,4942941,18.0
4942942,4942942,18.0
4942943,4942943,15.0
4942944,4942944,14.0
4942945,4942945,12.0
4942946,4942946,12.0
4942947,4942947,12.0
4942948,4942948,13.0
4942949,4942949,13.0
4942950,4942950,13.0
4942951,4942951,13.0
4942952,4942952,13.0
4942953,4942953,14.0
4942954,4942954,15.0
4942955,4942955,15.0
4942956,4942956,16.0
4942957,4942957,16.0
4942958,4942958,16.0
4942959,4942959,17.0
4942960,4942960,18.0
4942961,4942961,17.0
4942962,4942962,18.0
4942963,4942963,17.0
4942964,4942964,16.0
4942965,4942965,14.0
4942966,4942966,13.0
4942967,4942967,13.0
4942968,4942968,13.0
4942969,4942969,12.0
4942970,4942970,13.0
4942971,4942971,13.0
4942972,4942972,13.0
4942973,4942973,14.0
4942974,4942974,15.0
4942975,4942975,16.0
4942976,4942976,16.0
4942977,4942977,17.0
4942978,4942978,17.0
4942979,4942979,18.0
4942980,4942980,17.0
4942981,4942981,17.0
4942982,4942982,16.0
4942983,4942983,14.0
4942984,4942984,14.0
4942985,4942985,13.0
4942986,4942986,12.0
4942987,4942987,13.0
4942988,4942988,12.0
4942989,4942989,14.0
4942990,4942990,14.0
4942991,4942991,14.0
4942992,4942992,14.0
4942993,4942993,15.0
4942994,4942994,2.0
4942995,4942995,2.0
4942996,4942996,2.0
4942997,4942997,2.0
4942998,4942998,2.0
4942999,4942999,2.0
