,time,dryer
43133,3593133,281
43134,3593134,282
43135,3593135,326
43136,3593136,5079
43137,3593137,5887
43138,3593138,5835
43139,3593139,5758
43140,3593140,5719
43141,3593141,5699
43142,3593142,5662
43143,3593143,5653
43144,3593144,5629
43145,3593145,5571
43146,3593146,5590
43147,3593147,5567
43148,3593148,5527
43149,3593149,5555
43150,3593150,5539
43151,3593151,5545
43152,3593152,5561
43153,3593153,5520
43154,3593154,5527
43155,3593155,5523
43156,3593156,5488
43157,3593157,5494
43158,3593158,5511
43159,3593159,5493
43160,3593160,5498
43161,3593161,5485
43162,3593162,5482
43163,3593163,5520
43164,3593164,5525
43165,3593165,5501
43166,3593166,5516
43167,3593167,5508
43168,3593168,5493
43169,3593169,5508
43170,3593170,5495
43171,3593171,5519
43172,3593172,5504
43173,3593173,5469
43174,3593174,5486
43175,3593175,5532
43176,3593176,5497
43177,3593177,5508
43178,3593178,5502
43179,3593179,5509
43180,3593180,5526
43181,3593181,5525
43182,3593182,5482
43183,3593183,5489
43184,3593184,5494
43185,3593185,5475
43186,3593186,5504
43187,3593187,5478
43188,3593188,5480
43189,3593189,5498
43190,3593190,5495
43191,3593191,5481
43192,3593192,5497
43193,3593193,5483
43194,3593194,5494
43195,3593195,5494
43196,3593196,5484
43197,3593197,5493
43198,3593198,5511
43199,3593199,5481
43200,3593200,5508
43201,3593201,5498
43202,3593202,5482
43203,3593203,5514
43204,3593204,5493
43205,3593205,5468
43206,3593206,5477
43207,3593207,5471
43208,3593208,5501
43209,3593209,5520
43210,3593210,5487
43211,3593211,5493
43212,3593212,5506
43213,3593213,5476
43214,3593214,5497
43215,3593215,5499
43216,3593216,5472
43217,3593217,5479
43218,3593218,5481
43219,3593219,5465
43220,3593220,5500
43221,3593221,5488
43222,3593222,5465
43223,3593223,5479
43224,3593224,5455
43225,3593225,5453
43226,3593226,5482
43227,3593227,5463
43228,3593228,5446
43229,3593229,5457
43230,3593230,5446
43231,3593231,5455
43232,3593232,5461
43233,3593233,5440
43234,3593234,5448
43235,3593235,5464
43236,3593236,5466
43237,3593237,5482
43238,3593238,5485
43239,3593239,5458
43240,3593240,5463
43241,3593241,5471
43242,3593242,5470
43243,3593243,5499
43244,3593244,5503
43245,3593245,5486
43246,3593246,5491
43247,3593247,5483
43248,3593248,5480
43249,3593249,5527
43250,3593250,5500
43251,3593251,5474
43252,3593252,5498
43253,3593253,5487
43254,3593254,5502
43255,3593255,5525
43256,3593256,313
43257,3593257,308
43258,3593258,319
43259,3593259,300
43260,3593260,297
43261,3593261,339
43262,3593262,305
43263,3593263,310
43264,3593264,325
43265,3593265,309
43266,3593266,318
43267,3593267,329
43268,3593268,297
43269,3593269,300
43270,3593270,288
43271,3593271,5747
43272,3593272,5726
43273,3593273,5685
43274,3593274,5626
43275,3593275,5628
43276,3593276,5593
43277,3593277,5579
43278,3593278,5580
43279,3593279,5549
43280,3593280,5523
43281,3593281,5507
43282,3593282,5489
43283,3593283,5515
43284,3593284,5539
43285,3593285,5508
43286,3593286,5498
43287,3593287,5493
43288,3593288,5489
43289,3593289,5509
43290,3593290,5509
43291,3593291,5461
43292,3593292,5471
43293,3593293,5482
43294,3593294,5485
43295,3593295,5505
43296,3593296,5485
43297,3593297,5460
43298,3593298,5473
43299,3593299,5481
43300,3593300,5476
43301,3593301,5504
43302,3593302,5496
43303,3593303,5484
43304,3593304,5493
43305,3593305,5475
43306,3593306,5501
43307,3593307,5507
43308,3593308,5480
43309,3593309,5457
43310,3593310,5463
43311,3593311,5460
43312,3593312,5480
43313,3593313,5477
43314,3593314,5462
43315,3593315,5469
43316,3593316,5452
43317,3593317,5459
43318,3593318,5464
43319,3593319,5457
43320,3593320,5451
43321,3593321,5462
43322,3593322,5471
43323,3593323,5450
43324,3593324,5491
43325,3593325,5481
43326,3593326,5467
43327,3593327,5476
43328,3593328,5466
43329,3593329,5466
43330,3593330,5488
43331,3593331,5460
43332,3593332,5480
43333,3593333,5482
43334,3593334,5453
43335,3593335,5489
43336,3593336,5492
43337,3593337,5466
43338,3593338,5472
43339,3593339,5474
43340,3593340,5477
43341,3593341,5492
43342,3593342,5493
43343,3593343,5466
43344,3593344,5475
43345,3593345,5449
43346,3593346,5454
43347,3593347,5476
43348,3593348,5479
43349,3593349,5461
43350,3593350,5480
43351,3593351,5472
43352,3593352,5469
43353,3593353,5506
43354,3593354,5470
43355,3593355,5435
43356,3593356,5472
43357,3593357,5479
43358,3593358,5506
43359,3593359,5500
43360,3593360,5474
43361,3593361,5478
43362,3593362,5472
43363,3593363,5472
43364,3593364,5475
43365,3593365,5472
43366,3593366,5454
43367,3593367,5478
43368,3593368,5465
43369,3593369,5452
43370,3593370,5465
43371,3593371,5460
43372,3593372,5429
43373,3593373,5446
43374,3593374,5437
43375,3593375,5454
43376,3593376,5498
43377,3593377,5455
43378,3593378,5443
43379,3593379,5445
43380,3593380,5440
43381,3593381,5462
43382,3593382,5484
43383,3593383,5462
43384,3593384,5435
43385,3593385,5457
43386,3593386,5464
43387,3593387,5492
43388,3593388,5476
43389,3593389,5450
43390,3593390,5450
43391,3593391,5445
43392,3593392,5437
43393,3593393,5453
43394,3593394,5431
43395,3593395,5440
43396,3593396,5442
43397,3593397,5459
43398,3593398,5460
43399,3593399,5465
43400,3593400,5444
43401,3593401,5441
43402,3593402,5453
43403,3593403,5446
43404,3593404,5444
43405,3593405,5470
43406,3593406,5454
43407,3593407,5449
43408,3593408,5452
43409,3593409,5452
43410,3593410,5495
43411,3593411,5486
43412,3593412,5444
43413,3593413,5463
43414,3593414,5442
43415,3593415,5450
43416,3593416,5494
43417,3593417,5490
43418,3593418,5452
43419,3593419,5465
43420,3593420,5465
43421,3593421,5475
43422,3593422,5487
43423,3593423,5466
43424,3593424,5470
43425,3593425,5455
43426,3593426,5442
43427,3593427,5462
43428,3593428,5498
43429,3593429,5465
43430,3593430,5442
43431,3593431,5459
43432,3593432,5444
43433,3593433,5450
43434,3593434,5459
43435,3593435,5441
43436,3593436,5447
43437,3593437,5439
43438,3593438,5419
43439,3593439,5443
43440,3593440,5450
43441,3593441,5434
43442,3593442,5449
43443,3593443,5448
43444,3593444,5445
43445,3593445,5466
43446,3593446,5460
43447,3593447,5441
43448,3593448,5448
43449,3593449,5430
43450,3593450,5445
43451,3593451,5454
43452,3593452,5432
43453,3593453,5437
43454,3593454,5442
43455,3593455,5438
43456,3593456,5428
43457,3593457,5451
43458,3593458,5437
43459,3593459,5436
43460,3593460,5435
43461,3593461,5432
43462,3593462,5440
43463,3593463,5450
43464,3593464,5424
43465,3593465,5447
43466,3593466,5433
43467,3593467,5433
43468,3593468,5449
43469,3593469,5445
43470,3593470,5426
43471,3593471,5434
43472,3593472,5450
43473,3593473,5444
43474,3593474,5468
43475,3593475,5448
43476,3593476,5433
43477,3593477,5430
43478,3593478,5429
43479,3593479,5423
43480,3593480,5440
43481,3593481,5403
43482,3593482,5407
43483,3593483,5421
43484,3593484,5421
43485,3593485,5422
43486,3593486,5454
43487,3593487,5425
43488,3593488,5425
43489,3593489,5455
43490,3593490,5415
43491,3593491,5420
43492,3593492,5459
43493,3593493,5425
43494,3593494,5430
43495,3593495,5423
43496,3593496,5433
43497,3593497,5446
43498,3593498,5449
43499,3593499,5433
43500,3593500,5433
43501,3593501,5438
43502,3593502,5423
43503,3593503,5446
43504,3593504,5441
43505,3593505,5428
43506,3593506,5447
43507,3593507,5435
43508,3593508,5430
43509,3593509,5433
43510,3593510,5421
43511,3593511,5407
43512,3593512,5423
43513,3593513,5413
43514,3593514,5428
43515,3593515,5443
43516,3593516,5423
43517,3593517,5410
43518,3593518,5431
43519,3593519,5418
43520,3593520,5423
43521,3593521,5429
43522,3593522,5399
43523,3593523,5419
43524,3593524,5419
43525,3593525,5412
43526,3593526,5413
43527,3593527,5430
43528,3593528,5413
43529,3593529,5408
43530,3593530,5408
43531,3593531,5409
43532,3593532,5424
43533,3593533,5432
43534,3593534,5414
43535,3593535,5413
43536,3593536,5431
43537,3593537,5428
43538,3593538,5446
43539,3593539,5431
43540,3593540,5408
43541,3593541,5423
43542,3593542,5406
43543,3593543,5397
43544,3593544,5418
43545,3593545,5398
43546,3593546,5388
43547,3593547,5403
43548,3593548,5408
43549,3593549,5432
43550,3593550,5447
43551,3593551,5421
43552,3593552,5415
43553,3593553,5427
43554,3593554,5412
43555,3593555,5419
43556,3593556,5435
43557,3593557,5427
43558,3593558,5421
43559,3593559,5409
43560,3593560,5412
43561,3593561,5417
43562,3593562,5427
43563,3593563,5403
43564,3593564,5409
43565,3593565,5415
43566,3593566,5397
43567,3593567,5451
43568,3593568,5430
43569,3593569,5412
43570,3593570,5407
43571,3593571,5406
43572,3593572,5392
43573,3593573,5424
43574,3593574,5399
43575,3593575,5406
43576,3593576,5428
43577,3593577,5407
43578,3593578,5433
43579,3593579,5454
43580,3593580,5430
43581,3593581,5416
43582,3593582,5429
43583,3593583,5415
43584,3593584,5432
43585,3593585,5446
43586,3593586,5431
43587,3593587,5436
43588,3593588,5430
43589,3593589,5435
43590,3593590,5438
43591,3593591,5461
43592,3593592,5442
43593,3593593,5428
43594,3593594,5423
43595,3593595,5428
43596,3593596,5438
43597,3593597,5442
43598,3593598,5425
43599,3593599,5417
43600,3593600,5423
43601,3593601,5436
43602,3593602,5458
43603,3593603,5445
43604,3593604,5426
43605,3593605,5436
43606,3593606,5423
43607,3593607,5423
43608,3593608,5442
43609,3593609,5437
43610,3593610,5430
43611,3593611,5416
43612,3593612,5404
43613,3593613,5411
43614,3593614,5426
43615,3593615,5411
43616,3593616,5401
43617,3593617,5402
43618,3593618,5401
43619,3593619,5420
43620,3593620,5442
43621,3593621,5404
43622,3593622,5416
43623,3593623,5434
43624,3593624,5421
43625,3593625,5416
43626,3593626,5402
43627,3593627,5404
43628,3593628,5406
43629,3593629,5434
43630,3593630,5424
43631,3593631,5430
43632,3593632,5420
43633,3593633,5390
43634,3593634,5408
43635,3593635,5420
43636,3593636,5422
43637,3593637,5444
43638,3593638,5459
43639,3593639,5437
43640,3593640,5434
43641,3593641,5413
43642,3593642,5396
43643,3593643,5402
43644,3593644,5388
43645,3593645,5376
43646,3593646,5394
43647,3593647,5403
43648,3593648,5384
43649,3593649,5423
43650,3593650,5410
43651,3593651,5391
43652,3593652,5414
43653,3593653,5406
43654,3593654,5420
43655,3593655,5435
43656,3593656,5415
43657,3593657,5405
43658,3593658,5408
43659,3593659,5381
43660,3593660,5386
43661,3593661,5415
43662,3593662,5416
43663,3593663,5411
43664,3593664,5412
43665,3593665,5426
43666,3593666,5430
43667,3593667,5448
43668,3593668,5418
43669,3593669,5419
43670,3593670,5412
43671,3593671,5437
43672,3593672,5444
43673,3593673,5433
43674,3593674,5399
43675,3593675,5406
43676,3593676,5399
43677,3593677,5394
43678,3593678,5420
43679,3593679,5415
43680,3593680,5405
43681,3593681,5400
43682,3593682,5401
43683,3593683,5407
43684,3593684,5422
43685,3593685,5401
43686,3593686,5388
43687,3593687,5399
43688,3593688,5388
43689,3593689,5386
43690,3593690,5403
43691,3593691,5402
43692,3593692,5392
43693,3593693,5422
43694,3593694,5406
43695,3593695,5408
43696,3593696,5428
43697,3593697,5397
43698,3593698,5393
43699,3593699,5391
43700,3593700,5403
43701,3593701,5409
43702,3593702,5427
43703,3593703,5387
43704,3593704,5391
43705,3593705,5423
43706,3593706,5418
43707,3593707,5421
43708,3593708,5434
43709,3593709,5431
43710,3593710,5425
43711,3593711,5414
43712,3593712,5426
43713,3593713,5439
43714,3593714,5461
43715,3593715,5425
43716,3593716,5436
43717,3593717,5433
43718,3593718,5448
43719,3593719,5462
43720,3593720,5432
43721,3593721,5412
43722,3593722,5425
43723,3593723,5430
43724,3593724,5429
43725,3593725,5454
43726,3593726,5459
43727,3593727,5446
43728,3593728,5455
43729,3593729,5434
43730,3593730,5448
43731,3593731,5457
43732,3593732,5420
43733,3593733,5416
43734,3593734,5412
43735,3593735,5414
43736,3593736,5435
43737,3593737,5448
43738,3593738,5420
43739,3593739,5420
43740,3593740,5418
43741,3593741,5405
43742,3593742,5436
43743,3593743,5447
43744,3593744,5410
43745,3593745,5416
43746,3593746,5421
43747,3593747,5416
43748,3593748,5423
43749,3593749,5428
43750,3593750,5405
43751,3593751,5413
43752,3593752,5416
43753,3593753,5430
43754,3593754,5430
43755,3593755,5442
43756,3593756,5415
43757,3593757,5415
43758,3593758,5419
43759,3593759,5409
43760,3593760,5444
43761,3593761,5442
43762,3593762,5417
43763,3593763,5428
43764,3593764,5421
43765,3593765,5425
43766,3593766,5447
43767,3593767,5426
43768,3593768,5419
43769,3593769,5441
43770,3593770,5428
43771,3593771,5438
43772,3593772,5453
43773,3593773,5440
43774,3593774,5414
43775,3593775,5430
43776,3593776,5414
43777,3593777,5411
43778,3593778,5444
43779,3593779,5433
43780,3593780,5419
43781,3593781,5422
43782,3593782,5427
43783,3593783,5430
43784,3593784,5447
43785,3593785,5419
43786,3593786,5413
43787,3593787,5418
43788,3593788,5405
43789,3593789,5425
43790,3593790,5441
43791,3593791,5405
43792,3593792,5415
43793,3593793,5423
43794,3593794,5414
43795,3593795,5443
43796,3593796,5438
43797,3593797,5407
43798,3593798,5391
43799,3593799,5409
43800,3593800,5398
43801,3593801,5400
43802,3593802,5412
43803,3593803,5405
43804,3593804,5404
43805,3593805,5413
43806,3593806,5410
43807,3593807,5432
43808,3593808,5445
43809,3593809,5425
43810,3593810,5423
43811,3593811,5424
43812,3593812,5420
43813,3593813,5439
43814,3593814,5420
43815,3593815,5414
43816,3593816,5412
43817,3593817,5408
43818,3593818,5406
43819,3593819,5447
43820,3593820,5438
43821,3593821,5416
43822,3593822,5422
43823,3593823,5412
43824,3593824,5414
43825,3593825,5426
43826,3593826,5411
43827,3593827,5387
43828,3593828,5414
43829,3593829,5408
43830,3593830,5422
43831,3593831,5429
43832,3593832,5409
43833,3593833,5413
43834,3593834,5416
43835,3593835,5399
43836,3593836,5414
43837,3593837,5412
43838,3593838,5398
43839,3593839,5405
43840,3593840,5429
43841,3593841,5425
43842,3593842,5424
43843,3593843,5428
43844,3593844,5422
43845,3593845,5420
43846,3593846,5419
43847,3593847,5413
43848,3593848,5443
43849,3593849,5461
43850,3593850,5434
43851,3593851,5431
43852,3593852,5443
43853,3593853,5438
43854,3593854,5467
43855,3593855,5458
43856,3593856,5440
43857,3593857,5443
43858,3593858,5443
43859,3593859,5440
43860,3593860,5452
43861,3593861,5450
43862,3593862,287
43863,3593863,303
43864,3593864,299
43865,3593865,306
43866,3593866,308
43867,3593867,294
43868,3593868,281
43869,3593869,291
43870,3593870,283
43871,3593871,275
43872,3593872,292
43873,3593873,301
43874,3593874,277
43875,3593875,286
43876,3593876,294
43877,3593877,288
43878,3593878,307
43879,3593879,315
43880,3593880,287
43881,3593881,295
43882,3593882,287
43883,3593883,283
43884,3593884,313
43885,3593885,299
43886,3593886,291
43887,3593887,299
43888,3593888,285
43889,3593889,272
43890,3593890,297
43891,3593891,285
43892,3593892,297
43893,3593893,296
43894,3593894,282
43895,3593895,283
43896,3593896,306
43897,3593897,295
43898,3593898,293
43899,3593899,306
43900,3593900,282
43901,3593901,291
43902,3593902,300
43903,3593903,285
43904,3593904,286
43905,3593905,288
43906,3593906,296
43907,3593907,298
43908,3593908,5859
43909,3593909,5781
43910,3593910,5725
43911,3593911,5666
43912,3593912,5617
43913,3593913,5597
43914,3593914,5572
43915,3593915,5543
43916,3593916,5514
43917,3593917,5498
43918,3593918,5485
43919,3593919,5496
43920,3593920,5500
43921,3593921,5482
43922,3593922,5470
43923,3593923,5464
43924,3593924,5462
43925,3593925,5489
43926,3593926,5470
43927,3593927,5451
43928,3593928,5456
43929,3593929,5450
43930,3593930,5449
43931,3593931,5463
43932,3593932,5461
43933,3593933,5455
43934,3593934,5450
43935,3593935,5447
43936,3593936,5443
43937,3593937,5466
43938,3593938,5439
43939,3593939,5425
43940,3593940,5446
43941,3593941,5443
43942,3593942,5437
43943,3593943,5467
43944,3593944,5458
43945,3593945,5428
43946,3593946,5440
43947,3593947,5444
43948,3593948,5444
43949,3593949,5456
43950,3593950,5437
43951,3593951,5432
43952,3593952,5449
43953,3593953,5428
43954,3593954,5445
43955,3593955,5444
43956,3593956,5446
43957,3593957,5420
43958,3593958,5432
43959,3593959,5402
43960,3593960,5411
43961,3593961,5422
43962,3593962,5418
43963,3593963,5421
43964,3593964,5427
43965,3593965,5423
43966,3593966,5428
43967,3593967,5439
43968,3593968,5433
43969,3593969,5407
43970,3593970,5432
43971,3593971,5426
43972,3593972,5429
43973,3593973,5453
43974,3593974,5439
43975,3593975,5426
43976,3593976,5445
43977,3593977,5424
43978,3593978,5463
43979,3593979,5448
43980,3593980,5436
43981,3593981,5432
43982,3593982,5438
43983,3593983,5430
43984,3593984,5437
43985,3593985,5447
43986,3593986,5404
43987,3593987,5423
43988,3593988,5416
43989,3593989,5416
43990,3593990,5452
43991,3593991,5447
43992,3593992,5427
43993,3593993,5424
43994,3593994,5418
43995,3593995,5424
43996,3593996,5443
43997,3593997,5446
43998,3593998,5433
43999,3593999,5429
44000,3594000,5416
44001,3594001,5426
44002,3594002,5462
44003,3594003,5453
44004,3594004,5427
44005,3594005,5421
44006,3594006,5444
44007,3594007,5434
44008,3594008,5445
44009,3594009,5449
44010,3594010,5436
44011,3594011,5448
44012,3594012,5444
44013,3594013,5443
44014,3594014,5463
44015,3594015,5447
44016,3594016,5431
44017,3594017,5434
44018,3594018,5444
44019,3594019,5430
44020,3594020,5464
44021,3594021,5466
44022,3594022,5450
44023,3594023,5461
44024,3594024,5452
44025,3594025,5437
44026,3594026,5450
44027,3594027,5456
44028,3594028,5437
44029,3594029,5451
44030,3594030,5432
44031,3594031,5447
44032,3594032,5459
44033,3594033,5441
44034,3594034,5425
44035,3594035,5428
44036,3594036,5411
44037,3594037,5430
44038,3594038,5450
44039,3594039,5421
44040,3594040,5417
44041,3594041,5424
44042,3594042,5415
44043,3594043,5423
44044,3594044,5439
44045,3594045,5424
44046,3594046,5410
44047,3594047,5423
44048,3594048,5412
44049,3594049,5417
44050,3594050,5440
44051,3594051,5411
44052,3594052,5396
44053,3594053,5413
44054,3594054,5403
44055,3594055,5425
44056,3594056,5439
44057,3594057,5424
44058,3594058,5415
44059,3594059,5419
44060,3594060,5393
44061,3594061,5410
44062,3594062,5428
44063,3594063,5410
44064,3594064,5409
44065,3594065,5416
44066,3594066,5414
44067,3594067,5433
44068,3594068,5434
44069,3594069,5413
44070,3594070,5436
44071,3594071,5429
44072,3594072,5436
44073,3594073,5448
44074,3594074,5453
44075,3594075,5437
44076,3594076,5430
44077,3594077,5432
44078,3594078,5433
44079,3594079,5446
44080,3594080,5444
44081,3594081,5424
44082,3594082,5430
44083,3594083,5418
44084,3594084,5411
44085,3594085,5412
44086,3594086,5415
44087,3594087,5401
44088,3594088,5426
44089,3594089,5418
44090,3594090,5409
44091,3594091,5425
44092,3594092,5424
44093,3594093,5433
44094,3594094,5412
44095,3594095,5413
44096,3594096,5406
44097,3594097,5417
44098,3594098,5396
44099,3594099,5385
44100,3594100,5411
44101,3594101,5407
44102,3594102,5416
44103,3594103,5433
44104,3594104,5436
44105,3594105,5405
44106,3594106,5418
44107,3594107,5403
44108,3594108,5402
44109,3594109,5436
44110,3594110,5422
44111,3594111,5416
44112,3594112,5417
44113,3594113,5414
44114,3594114,5400
44115,3594115,5425
44116,3594116,5413
44117,3594117,5411
44118,3594118,5439
44119,3594119,5414
44120,3594120,5424
44121,3594121,5443
44122,3594122,5433
44123,3594123,5408
44124,3594124,5421
44125,3594125,5398
44126,3594126,5402
44127,3594127,5420
44128,3594128,5402
44129,3594129,5390
44130,3594130,288
44131,3594131,286
44132,3594132,275
44133,3594133,308
44134,3594134,287
44135,3594135,287
44136,3594136,291
44137,3594137,281
44138,3594138,300
44139,3594139,307
44140,3594140,297
44141,3594141,275
44142,3594142,294
44143,3594143,284
44144,3594144,272
44145,3594145,302
44146,3594146,289
44147,3594147,292
44148,3594148,293
44149,3594149,270
44150,3594150,290
44151,3594151,302
44152,3594152,280
44153,3594153,272
44154,3594154,285
44155,3594155,263
44156,3594156,269
44157,3594157,291
44158,3594158,286
44159,3594159,281
44160,3594160,295
44161,3594161,278
44162,3594162,288
44163,3594163,305
44164,3594164,285
44165,3594165,272
44166,3594166,277
44167,3594167,276
44168,3594168,283
44169,3594169,304
44170,3594170,290
44171,3594171,278
44172,3594172,289
44173,3594173,266
44174,3594174,287
44175,3594175,298
44176,3594176,287
44177,3594177,278
44178,3594178,5829
44179,3594179,5726
44180,3594180,5671
44181,3594181,5664
44182,3594182,5593
44183,3594183,5555
44184,3594184,5531
44185,3594185,5503
44186,3594186,5495
44187,3594187,5491
44188,3594188,5468
44189,3594189,5463
44190,3594190,5472
44191,3594191,5451
44192,3594192,5456
44193,3594193,5478
44194,3594194,5462
44195,3594195,5440
44196,3594196,5455
44197,3594197,5458
44198,3594198,5461
44199,3594199,5467
44200,3594200,5451
44201,3594201,5435
44202,3594202,5453
44203,3594203,5435
44204,3594204,5433
44205,3594205,5461
44206,3594206,5447
44207,3594207,5436
44208,3594208,5439
44209,3594209,5436
44210,3594210,5449
44211,3594211,5463
44212,3594212,5441
44213,3594213,5439
44214,3594214,5448
44215,3594215,5450
44216,3594216,5459
44217,3594217,5466
44218,3594218,5430
44219,3594219,5429
44220,3594220,5443
44221,3594221,5429
44222,3594222,5444
44223,3594223,5453
44224,3594224,5458
44225,3594225,5447
44226,3594226,5439
44227,3594227,5440
44228,3594228,5448
44229,3594229,5456
44230,3594230,5452
44231,3594231,5431
44232,3594232,5434
44233,3594233,5426
44234,3594234,5449
44235,3594235,5439
44236,3594236,5435
44237,3594237,5434
44238,3594238,5438
44239,3594239,5434
44240,3594240,5448
44241,3594241,5443
44242,3594242,5423
44243,3594243,5422
44244,3594244,5436
44245,3594245,5439
44246,3594246,5437
44247,3594247,5443
44248,3594248,5433
44249,3594249,5416
44250,3594250,5426
44251,3594251,5432
44252,3594252,5452
44253,3594253,5447
44254,3594254,5441
44255,3594255,5435
44256,3594256,5432
44257,3594257,5428
44258,3594258,5445
44259,3594259,5446
44260,3594260,5428
44261,3594261,5446
44262,3594262,5436
44263,3594263,5424
44264,3594264,5448
44265,3594265,5444
44266,3594266,5426
44267,3594267,5422
44268,3594268,5436
44269,3594269,5433
44270,3594270,5441
44271,3594271,5420
44272,3594272,5413
44273,3594273,5417
44274,3594274,5423
44275,3594275,5419
44276,3594276,5425
44277,3594277,5433
44278,3594278,5419
44279,3594279,5428
44280,3594280,5430
44281,3594281,5404
44282,3594282,5447
44283,3594283,5440
44284,3594284,5413
44285,3594285,5411
44286,3594286,5408
44287,3594287,5403
44288,3594288,5433
44289,3594289,5427
44290,3594290,5420
44291,3594291,5437
44292,3594292,5431
44293,3594293,5419
44294,3594294,5427
44295,3594295,5412
44296,3594296,5395
44297,3594297,5395
44298,3594298,5393
44299,3594299,5402
44300,3594300,5431
44301,3594301,5421
44302,3594302,5398
44303,3594303,5408
44304,3594304,5416
44305,3594305,5408
44306,3594306,5432
44307,3594307,5425
44308,3594308,5410
44309,3594309,5415
44310,3594310,5424
44311,3594311,5419
44312,3594312,5429
44313,3594313,5433
44314,3594314,5406
44315,3594315,5407
44316,3594316,5400
44317,3594317,5400
44318,3594318,5416
44319,3594319,5412
44320,3594320,5407
44321,3594321,5402
44322,3594322,5408
44323,3594323,5409
44324,3594324,5444
44325,3594325,5441
44326,3594326,5437
44327,3594327,5450
44328,3594328,5433
44329,3594329,5415
44330,3594330,5455
44331,3594331,5437
44332,3594332,5414
44333,3594333,5432
44334,3594334,5426
44335,3594335,5419
44336,3594336,5443
44337,3594337,5422
44338,3594338,5433
44339,3594339,5422
44340,3594340,5416
44341,3594341,5404
44342,3594342,5426
44343,3594343,5426
44344,3594344,5430
44345,3594345,5424
44346,3594346,5430
44347,3594347,5431
44348,3594348,5446
44349,3594349,5413
44350,3594350,5407
44351,3594351,5410
44352,3594352,5410
44353,3594353,5407
44354,3594354,5436
44355,3594355,5413
44356,3594356,5408
44357,3594357,5416
44358,3594358,5413
44359,3594359,5406
44360,3594360,5418
44361,3594361,5407
44362,3594362,5408
44363,3594363,5426
44364,3594364,5420
44365,3594365,5442
44366,3594366,5440
44367,3594367,5425
44368,3594368,5403
44369,3594369,5420
44370,3594370,5407
44371,3594371,5426
44372,3594372,293
44373,3594373,279
44374,3594374,274
44375,3594375,275
44376,3594376,260
44377,3594377,272
44378,3594378,295
44379,3594379,293
44380,3594380,289
44381,3594381,288
44382,3594382,274
44383,3594383,265
44384,3594384,284
44385,3594385,289
44386,3594386,277
44387,3594387,289
44388,3594388,290
44389,3594389,292
44390,3594390,295
44391,3594391,276
44392,3594392,258
44393,3594393,281
44394,3594394,275
44395,3594395,275
44396,3594396,299
44397,3594397,295
44398,3594398,268
44399,3594399,277
44400,3594400,271
44401,3594401,269
44402,3594402,303
44403,3594403,290
44404,3594404,278
44405,3594405,284
44406,3594406,271
44407,3594407,262
44408,3594408,288
44409,3594409,289
44410,3594410,269
44411,3594411,279
44412,3594412,281
44413,3594413,274
44414,3594414,314
44415,3594415,304
44416,3594416,293
44417,3594417,291
44418,3594418,282
44419,3594419,287
44420,3594420,304
44421,3594421,294
44422,3594422,5825
44423,3594423,5767
44424,3594424,5693
44425,3594425,5645
44426,3594426,5630
44427,3594427,5583
44428,3594428,5540
44429,3594429,5526
44430,3594430,5504
44431,3594431,5496
44432,3594432,5504
44433,3594433,5487
44434,3594434,5465
44435,3594435,5463
44436,3594436,5458
44437,3594437,5450
44438,3594438,5472
44439,3594439,5439
44440,3594440,5424
44441,3594441,5431
44442,3594442,5425
44443,3594443,5444
44444,3594444,5454
44445,3594445,5447
44446,3594446,5430
44447,3594447,5442
44448,3594448,5440
44449,3594449,5438
44450,3594450,5455
44451,3594451,5442
44452,3594452,5438
44453,3594453,5456
44454,3594454,5430
44455,3594455,5425
44456,3594456,5450
44457,3594457,5446
44458,3594458,5423
44459,3594459,5435
44460,3594460,5431
44461,3594461,5420
44462,3594462,5421
44463,3594463,5410
44464,3594464,5401
44465,3594465,5407
44466,3594466,5410
44467,3594467,5395
44468,3594468,5436
44469,3594469,5434
44470,3594470,5416
44471,3594471,5426
44472,3594472,5418
44473,3594473,5421
44474,3594474,5441
44475,3594475,5424
44476,3594476,5423
44477,3594477,5439
44478,3594478,5422
44479,3594479,5414
44480,3594480,5424
44481,3594481,5417
44482,3594482,5400
44483,3594483,5453
44484,3594484,5441
44485,3594485,5433
44486,3594486,5456
44487,3594487,5438
44488,3594488,5444
44489,3594489,5435
44490,3594490,5435
44491,3594491,5436
44492,3594492,5448
44493,3594493,5431
44494,3594494,5424
44495,3594495,5434
44496,3594496,5434
44497,3594497,5429
44498,3594498,5437
44499,3594499,5435
44500,3594500,5421
44501,3594501,5443
44502,3594502,5420
44503,3594503,5431
44504,3594504,5452
44505,3594505,5451
44506,3594506,5438
44507,3594507,5443
44508,3594508,5432
44509,3594509,5424
44510,3594510,5441
44511,3594511,5442
44512,3594512,5432
44513,3594513,5440
44514,3594514,5438
44515,3594515,5441
44516,3594516,5459
44517,3594517,5441
44518,3594518,5435
44519,3594519,5432
44520,3594520,5445
44521,3594521,5427
44522,3594522,5453
44523,3594523,5461
44524,3594524,5428
44525,3594525,5437
44526,3594526,5434
44527,3594527,5437
44528,3594528,5451
44529,3594529,5442
44530,3594530,5417
44531,3594531,5426
44532,3594532,5429
44533,3594533,5427
44534,3594534,5456
44535,3594535,5444
44536,3594536,5435
44537,3594537,5420
44538,3594538,5408
44539,3594539,5413
44540,3594540,5429
44541,3594541,5427
44542,3594542,5401
44543,3594543,5419
44544,3594544,5418
44545,3594545,5413
44546,3594546,5437
44547,3594547,5434
44548,3594548,5409
44549,3594549,5408
44550,3594550,5426
44551,3594551,5415
44552,3594552,5428
44553,3594553,5433
44554,3594554,5432
44555,3594555,5428
44556,3594556,5415
44557,3594557,5421
44558,3594558,5447
44559,3594559,5444
44560,3594560,5435
44561,3594561,5434
44562,3594562,5432
44563,3594563,5436
44564,3594564,5446
44565,3594565,5440
44566,3594566,5431
44567,3594567,5430
44568,3594568,5434
44569,3594569,5433
44570,3594570,5448
44571,3594571,5440
44572,3594572,5418
44573,3594573,5432
44574,3594574,5429
44575,3594575,5407
44576,3594576,5435
44577,3594577,5437
44578,3594578,5423
44579,3594579,5426
44580,3594580,5429
44581,3594581,5434
44582,3594582,5450
44583,3594583,5457
44584,3594584,5429
44585,3594585,5435
44586,3594586,5423
44587,3594587,5424
44588,3594588,5445
44589,3594589,5449
44590,3594590,5429
44591,3594591,5425
44592,3594592,5434
44593,3594593,5432
44594,3594594,5440
44595,3594595,5445
44596,3594596,5431
44597,3594597,5438
44598,3594598,5444
44599,3594599,5424
44600,3594600,5430
44601,3594601,5427
44602,3594602,5425
44603,3594603,5434
44604,3594604,5432
44605,3594605,5415
44606,3594606,5429
44607,3594607,5451
44608,3594608,275
44609,3594609,279
44610,3594610,282
44611,3594611,295
44612,3594612,287
44613,3594613,295
44614,3594614,274
44615,3594615,274
44616,3594616,286
44617,3594617,271
44618,3594618,295
44619,3594619,305
44620,3594620,286
44621,3594621,284
44622,3594622,282
44623,3594623,265
44624,3594624,275
44625,3594625,295
44626,3594626,275
44627,3594627,292
44628,3594628,289
44629,3594629,279
44630,3594630,300
44631,3594631,306
44632,3594632,273
44633,3594633,276
44634,3594634,273
44635,3594635,270
44636,3594636,273
44637,3594637,294
44638,3594638,274
44639,3594639,281
44640,3594640,295
44641,3594641,284
44642,3594642,278
44643,3594643,297
44644,3594644,278
44645,3594645,265
44646,3594646,282
44647,3594647,272
44648,3594648,282
44649,3594649,314
44650,3594650,291
44651,3594651,277
44652,3594652,286
44653,3594653,274
44654,3594654,272
44655,3594655,287
44656,3594656,285
44657,3594657,279
44658,3594658,277
44659,3594659,259
44660,3594660,5791
44661,3594661,5756
44662,3594662,5699
44663,3594663,5642
44664,3594664,5622
44665,3594665,5574
44666,3594666,5545
44667,3594667,5549
44668,3594668,5528
44669,3594669,5497
44670,3594670,5493
44671,3594671,5475
44672,3594672,5470
44673,3594673,5490
44674,3594674,5487
44675,3594675,5479
44676,3594676,5479
44677,3594677,5477
44678,3594678,5454
44679,3594679,5465
44680,3594680,5470
44681,3594681,5446
44682,3594682,5465
44683,3594683,5448
44684,3594684,5431
44685,3594685,5476
44686,3594686,5474
44687,3594687,5448
44688,3594688,5432
44689,3594689,5419
44690,3594690,5423
44691,3594691,5446
44692,3594692,5436
44693,3594693,5424
44694,3594694,5428
44695,3594695,5410
44696,3594696,5415
44697,3594697,5419
44698,3594698,5423
44699,3594699,5410
44700,3594700,5408
44701,3594701,5417
44702,3594702,5411
44703,3594703,5431
44704,3594704,5435
44705,3594705,5403
44706,3594706,5424
44707,3594707,5416
44708,3594708,5400
44709,3594709,5426
44710,3594710,5420
44711,3594711,5417
44712,3594712,5418
44713,3594713,5433
44714,3594714,5417
44715,3594715,5449
44716,3594716,5439
44717,3594717,5422
44718,3594718,5427
44719,3594719,5418
44720,3594720,5410
44721,3594721,5420
44722,3594722,5413
44723,3594723,5408
44724,3594724,5403
44725,3594725,5397
44726,3594726,5403
44727,3594727,5420
44728,3594728,5406
44729,3594729,5419
44730,3594730,5420
44731,3594731,5423
44732,3594732,5417
44733,3594733,5439
44734,3594734,5425
44735,3594735,5407
44736,3594736,5399
44737,3594737,5404
44738,3594738,5409
44739,3594739,5436
44740,3594740,5432
44741,3594741,5411
44742,3594742,5410
44743,3594743,5413
44744,3594744,5412
44745,3594745,5414
44746,3594746,5447
44747,3594747,5412
44748,3594748,5418
44749,3594749,5424
44750,3594750,5405
44751,3594751,5404
44752,3594752,5426
44753,3594753,5412
44754,3594754,5411
44755,3594755,5422
44756,3594756,5416
44757,3594757,5421
44758,3594758,5425
44759,3594759,5409
44760,3594760,5407
44761,3594761,5420
44762,3594762,5413
44763,3594763,5432
44764,3594764,5428
44765,3594765,5407
44766,3594766,5387
44767,3594767,5413
44768,3594768,5405
44769,3594769,5417
44770,3594770,5445
44771,3594771,5419
44772,3594772,5417
44773,3594773,5426
44774,3594774,5397
44775,3594775,5407
44776,3594776,5435
44777,3594777,5413
44778,3594778,5402
44779,3594779,5407
44780,3594780,5413
44781,3594781,5413
44782,3594782,5425
44783,3594783,5412
44784,3594784,5399
44785,3594785,5399
44786,3594786,5382
44787,3594787,5393
44788,3594788,5416
44789,3594789,5406
44790,3594790,5402
44791,3594791,5404
44792,3594792,5387
44793,3594793,5401
44794,3594794,5425
44795,3594795,5398
44796,3594796,5390
44797,3594797,5412
44798,3594798,5400
44799,3594799,5400
44800,3594800,5416
44801,3594801,5409
44802,3594802,5391
44803,3594803,5411
44804,3594804,5406
44805,3594805,5413
44806,3594806,5447
44807,3594807,5426
44808,3594808,5417
44809,3594809,5419
44810,3594810,5418
44811,3594811,5430
44812,3594812,5443
44813,3594813,5423
44814,3594814,5414
44815,3594815,5416
44816,3594816,5400
44817,3594817,5408
44818,3594818,5430
44819,3594819,5428
44820,3594820,5408
44821,3594821,5404
44822,3594822,5381
44823,3594823,5390
44824,3594824,5423
44825,3594825,5428
44826,3594826,5402
44827,3594827,5400
44828,3594828,5405
44829,3594829,5392
44830,3594830,5420
44831,3594831,5411
44832,3594832,5405
44833,3594833,5395
44834,3594834,5407
44835,3594835,5406
44836,3594836,5423
44837,3594837,5433
44838,3594838,5431
44839,3594839,5421
44840,3594840,5418
44841,3594841,5389
44842,3594842,288
44843,3594843,295
44844,3594844,277
44845,3594845,269
44846,3594846,279
44847,3594847,264
44848,3594848,281
44849,3594849,294
44850,3594850,277
44851,3594851,270
44852,3594852,275
44853,3594853,265
44854,3594854,272
44855,3594855,283
44856,3594856,270
44857,3594857,270
44858,3594858,285
44859,3594859,269
44860,3594860,279
44861,3594861,299
44862,3594862,284
44863,3594863,280
44864,3594864,278
44865,3594865,268
44866,3594866,276
44867,3594867,283
44868,3594868,277
44869,3594869,274
44870,3594870,283
44871,3594871,274
44872,3594872,272
44873,3594873,292
44874,3594874,284
44875,3594875,271
44876,3594876,279
44877,3594877,265
44878,3594878,259
44879,3594879,289
44880,3594880,278
44881,3594881,269
44882,3594882,282
44883,3594883,275
44884,3594884,274
44885,3594885,294
44886,3594886,284
44887,3594887,265
44888,3594888,270
44889,3594889,277
44890,3594890,269
44891,3594891,306
44892,3594892,295
44893,3594893,278
44894,3594894,279
44895,3594895,5757
44896,3594896,5682
44897,3594897,5645
44898,3594898,5603
44899,3594899,5547
44900,3594900,5532
44901,3594901,5504
44902,3594902,5483
44903,3594903,5492
44904,3594904,5473
44905,3594905,5454
44906,3594906,5449
44907,3594907,5437
44908,3594908,5419
44909,3594909,5440
44910,3594910,5422
44911,3594911,5406
44912,3594912,5403
44913,3594913,5406
44914,3594914,5398
44915,3594915,5399
44916,3594916,5405
44917,3594917,5390
44918,3594918,5393
44919,3594919,5395
44920,3594920,5383
44921,3594921,5396
44922,3594922,5416
44923,3594923,5388
44924,3594924,5384
44925,3594925,5393
44926,3594926,5390
44927,3594927,5405
44928,3594928,5417
44929,3594929,5402
44930,3594930,5402
44931,3594931,5410
44932,3594932,5400
44933,3594933,5401
44934,3594934,5412
44935,3594935,5394
44936,3594936,5404
44937,3594937,5429
44938,3594938,5397
44939,3594939,5395
44940,3594940,5403
44941,3594941,5377
44942,3594942,5367
44943,3594943,5389
44944,3594944,5390
44945,3594945,5391
44946,3594946,5400
44947,3594947,5380
44948,3594948,5381
44949,3594949,5392
44950,3594950,5387
44951,3594951,5380
44952,3594952,5421
44953,3594953,5398
44954,3594954,5386
44955,3594955,5394
44956,3594956,5381
44957,3594957,5379
44958,3594958,5407
44959,3594959,5392
44960,3594960,5379
44961,3594961,5388
44962,3594962,5382
44963,3594963,5381
44964,3594964,5404
44965,3594965,5393
44966,3594966,5384
44967,3594967,5390
44968,3594968,5394
44969,3594969,5392
44970,3594970,5402
44971,3594971,5403
44972,3594972,5390
44973,3594973,5401
44974,3594974,5387
44975,3594975,5396
44976,3594976,5411
44977,3594977,5418
44978,3594978,5394
44979,3594979,5387
44980,3594980,5398
44981,3594981,5382
44982,3594982,5406
44983,3594983,5414
44984,3594984,5398
44985,3594985,5394
44986,3594986,5399
44987,3594987,5387
44988,3594988,5411
44989,3594989,5411
44990,3594990,5405
44991,3594991,5397
44992,3594992,5406
44993,3594993,5398
44994,3594994,5401
44995,3594995,5411
44996,3594996,5399
44997,3594997,5401
44998,3594998,5404
44999,3594999,5391
45000,3595000,5409
45001,3595001,5415
45002,3595002,5393
45003,3595003,5373
45004,3595004,5395
45005,3595005,5396
45006,3595006,5408
45007,3595007,5417
45008,3595008,5396
45009,3595009,5380
45010,3595010,5373
45011,3595011,5346
45012,3595012,5352
45013,3595013,5375
45014,3595014,5355
45015,3595015,5359
45016,3595016,5378
45017,3595017,5369
45018,3595018,5360
45019,3595019,5376
45020,3595020,5367
45021,3595021,5361
45022,3595022,5381
45023,3595023,5370
45024,3595024,5365
45025,3595025,5379
45026,3595026,5348
45027,3595027,5351
45028,3595028,5350
45029,3595029,5349
45030,3595030,5347
45031,3595031,5369
45032,3595032,5385
45033,3595033,5383
45034,3595034,5368
45035,3595035,5358
45036,3595036,5348
45037,3595037,5386
45038,3595038,5394
45039,3595039,5365
45040,3595040,5378
45041,3595041,5376
45042,3595042,5379
45043,3595043,5388
45044,3595044,5378
45045,3595045,5379
45046,3595046,5368
45047,3595047,5360
45048,3595048,5376
45049,3595049,5399
45050,3595050,5375
45051,3595051,5367
45052,3595052,5372
45053,3595053,5373
45054,3595054,5357
45055,3595055,5375
45056,3595056,5382
45057,3595057,5371
45058,3595058,5367
45059,3595059,5390
45060,3595060,5366
45061,3595061,5386
45062,3595062,5402
45063,3595063,273
45064,3595064,272
45065,3595065,284
45066,3595066,270
45067,3595067,281
45068,3595068,294
45069,3595069,275
45070,3595070,264
45071,3595071,273
45072,3595072,267
45073,3595073,276
45074,3595074,287
45075,3595075,261
45076,3595076,273
45077,3595077,285
45078,3595078,274
45079,3595079,274
45080,3595080,291
45081,3595081,272
45082,3595082,263
45083,3595083,270
45084,3595084,255
45085,3595085,267
45086,3595086,288
45087,3595087,278
45088,3595088,268
45089,3595089,266
45090,3595090,280
45091,3595091,268
45092,3595092,297
45093,3595093,293
45094,3595094,279
45095,3595095,272
45096,3595096,264
45097,3595097,259
45098,3595098,278
45099,3595099,277
45100,3595100,255
45101,3595101,270
45102,3595102,274
45103,3595103,262
45104,3595104,276
45105,3595105,284
45106,3595106,264
45107,3595107,268
45108,3595108,284
45109,3595109,273
45110,3595110,288
45111,3595111,301
45112,3595112,274
45113,3595113,280
45114,3595114,5786
45115,3595115,5698
45116,3595116,5652
45117,3595117,5623
45118,3595118,5556
45119,3595119,5513
45120,3595120,5502
45121,3595121,5468
45122,3595122,5449
45123,3595123,5441
45124,3595124,5404
45125,3595125,5398
45126,3595126,5404
45127,3595127,5402
45128,3595128,5406
45129,3595129,5418
45130,3595130,5392
45131,3595131,5361
45132,3595132,5368
45133,3595133,5375
45134,3595134,5369
45135,3595135,5392
45136,3595136,275
45137,3595137,268
45138,3595138,282
45139,3595139,266
45140,3595140,272
45141,3595141,277
45142,3595142,272
45143,3595143,259
45144,3595144,264
45145,3595145,268
45146,3595146,266
45147,3595147,277
45148,3595148,287
45149,3595149,261
45150,3595150,269
45151,3595151,264
45152,3595152,256
45153,3595153,281
45154,3595154,287
45155,3595155,260
45156,3595156,276
45157,3595157,268
45158,3595158,258
45159,3595159,281
45160,3595160,287
45161,3595161,265
45162,3595162,261
45163,3595163,277
45164,3595164,259
45165,3595165,273
45166,3595166,284
45167,3595167,269
45168,3595168,266
45169,3595169,282
45170,3595170,265
45171,3595171,278
45172,3595172,291
45173,3595173,266
45174,3595174,253
45175,3595175,266
45176,3595176,265
45177,3595177,270
45178,3595178,285
45179,3595179,278
45180,3595180,250
45181,3595181,268
45182,3595182,267
45183,3595183,266
45184,3595184,280
45185,3595185,272
45186,3595186,264
45187,3595187,280
45188,3595188,266
45189,3595189,265
45190,3595190,280
45191,3595191,285
45192,3595192,279
45193,3595193,273
45194,3595194,266
45195,3595195,259
45196,3595196,279
45197,3595197,281
45198,3595198,267
45199,3595199,271
45200,3595200,275
45201,3595201,274
45202,3595202,290
45203,3595203,287
45204,3595204,272
45205,3595205,266
45206,3595206,272
45207,3595207,261
45208,3595208,276
45209,3595209,294
45210,3595210,266
45211,3595211,267
45212,3595212,278
45213,3595213,270
45214,3595214,273
45215,3595215,283
45216,3595216,274
45217,3595217,266
45218,3595218,271
45219,3595219,256
45220,3595220,265
45221,3595221,290
45222,3595222,278
45223,3595223,274
45224,3595224,277
45225,3595225,271
45226,3595226,280
45227,3595227,289
45228,3595228,278
45229,3595229,264
45230,3595230,283
45231,3595231,269
45232,3595232,268
45233,3595233,288
45234,3595234,290
45235,3595235,261
45236,3595236,271
45237,3595237,269
45238,3595238,259
45239,3595239,288
45240,3595240,277
45241,3595241,261
45242,3595242,265
45243,3595243,265
45244,3595244,265
45245,3595245,292
45246,3595246,292
45247,3595247,276
45248,3595248,280
45249,3595249,272
45250,3595250,269
45251,3595251,284
45252,3595252,287
45253,3595253,267
45254,3595254,267
45255,3595255,277
45256,3595256,268
45257,3595257,281
45258,3595258,289
45259,3595259,269
45260,3595260,274
45261,3595261,268
45262,3595262,264
45263,3595263,281
45264,3595264,274
45265,3595265,267
45266,3595266,270
45267,3595267,272
45268,3595268,272
45269,3595269,288
45270,3595270,294
45271,3595271,268
45272,3595272,265
45273,3595273,276
45274,3595274,268
45275,3595275,284
45276,3595276,303
45277,3595277,268
45278,3595278,265
45279,3595279,270
45280,3595280,245
45281,3595281,270
45282,3595282,291
45283,3595283,280
45284,3595284,274
45285,3595285,275
45286,3595286,261
45287,3595287,263
45288,3595288,281
45289,3595289,268
45290,3595290,270
45291,3595291,286
45292,3595292,275
45293,3595293,271
45294,3595294,276
45295,3595295,269
45296,3595296,264
45297,3595297,277
45298,3595298,286
45299,3595299,262
45300,3595300,301
45301,3595301,276
45302,3595302,266
45303,3595303,271
45304,3595304,263
45305,3595305,5146
45306,3595306,5803
45307,3595307,5730
45308,3595308,5649
45309,3595309,5611
45310,3595310,5573
45311,3595311,5544
45312,3595312,5518
45313,3595313,5507
45314,3595314,5464
45315,3595315,5449
45316,3595316,5423
45317,3595317,5414
45318,3595318,5437
45319,3595319,5428
45320,3595320,5411
45321,3595321,5402
45322,3595322,5400
45323,3595323,5391
45324,3595324,5401
45325,3595325,5409
45326,3595326,5396
45327,3595327,5396
45328,3595328,5404
45329,3595329,5391
45330,3595330,5416
45331,3595331,5435
45332,3595332,5408
45333,3595333,5407
45334,3595334,5411
45335,3595335,5403
45336,3595336,5394
45337,3595337,5425
45338,3595338,5397
45339,3595339,5403
45340,3595340,5413
45341,3595341,5405
45342,3595342,5406
45343,3595343,5427
45344,3595344,5401
45345,3595345,5388
45346,3595346,5402
45347,3595347,5398
45348,3595348,5397
45349,3595349,5403
45350,3595350,5385
45351,3595351,5393
45352,3595352,5402
45353,3595353,5384
45354,3595354,5392
45355,3595355,5399
45356,3595356,5396
45357,3595357,5386
45358,3595358,5397
45359,3595359,5386
45360,3595360,5389
45361,3595361,5385
45362,3595362,5382
45363,3595363,5371
45364,3595364,5384
45365,3595365,5389
45366,3595366,5390
45367,3595367,5414
45368,3595368,5403
45369,3595369,5397
45370,3595370,5405
45371,3595371,5385
45372,3595372,5397
45373,3595373,5419
45374,3595374,5411
45375,3595375,5391
45376,3595376,5405
45377,3595377,5404
45378,3595378,5389
45379,3595379,5413
45380,3595380,5411
45381,3595381,5394
45382,3595382,5394
45383,3595383,5409
45384,3595384,5401
45385,3595385,5430
45386,3595386,5430
45387,3595387,5419
45388,3595388,5402
45389,3595389,5403
45390,3595390,5381
45391,3595391,5394
45392,3595392,5422
45393,3595393,5404
45394,3595394,5398
45395,3595395,5425
45396,3595396,5393
45397,3595397,5419
45398,3595398,5434
45399,3595399,5401
45400,3595400,5381
45401,3595401,5377
45402,3595402,5385
45403,3595403,5397
45404,3595404,5416
45405,3595405,5398
45406,3595406,5391
45407,3595407,5415
45408,3595408,5400
45409,3595409,5394
45410,3595410,5431
45411,3595411,5416
45412,3595412,5392
45413,3595413,5414
45414,3595414,5410
45415,3595415,5408
45416,3595416,5427
45417,3595417,5411
45418,3595418,5407
45419,3595419,5412
45420,3595420,5405
45421,3595421,5405
45422,3595422,5417
45423,3595423,5432
45424,3595424,5403
45425,3595425,5403
45426,3595426,5410
45427,3595427,5401
45428,3595428,5426
45429,3595429,5421
45430,3595430,5400
45431,3595431,5411
45432,3595432,5401
45433,3595433,5393
45434,3595434,5398
45435,3595435,5395
45436,3595436,5379
45437,3595437,5378
45438,3595438,5392
45439,3595439,5397
45440,3595440,5413
45441,3595441,5411
45442,3595442,5398
45443,3595443,5397
45444,3595444,5402
45445,3595445,5402
45446,3595446,5416
45447,3595447,5434
45448,3595448,5396
45449,3595449,5395
45450,3595450,5409
45451,3595451,5394
45452,3595452,5399
45453,3595453,5407
45454,3595454,5388
45455,3595455,5385
45456,3595456,5406
45457,3595457,5387
45458,3595458,5392
45459,3595459,5415
45460,3595460,5393
45461,3595461,5395
45462,3595462,5398
45463,3595463,5386
45464,3595464,5394
45465,3595465,5422
45466,3595466,5408
45467,3595467,5397
45468,3595468,5416
45469,3595469,5394
45470,3595470,5389
45471,3595471,5414
45472,3595472,5410
45473,3595473,5395
45474,3595474,5406
45475,3595475,5407
45476,3595476,5398
45477,3595477,5416
45478,3595478,5416
45479,3595479,5393
45480,3595480,5392
45481,3595481,5399
45482,3595482,5385
45483,3595483,5399
45484,3595484,5392
45485,3595485,5385
45486,3595486,5373
45487,3595487,5377
45488,3595488,5364
45489,3595489,5384
45490,3595490,5398
45491,3595491,5374
45492,3595492,5376
45493,3595493,5389
45494,3595494,5378
45495,3595495,5390
45496,3595496,5405
45497,3595497,5387
45498,3595498,5388
45499,3595499,5385
45500,3595500,5370
45501,3595501,5389
45502,3595502,5410
45503,3595503,5371
45504,3595504,5366
45505,3595505,5388
45506,3595506,5390
45507,3595507,5386
45508,3595508,5406
45509,3595509,5375
45510,3595510,257
45511,3595511,270
45512,3595512,269
45513,3595513,254
45514,3595514,285
45515,3595515,271
45516,3595516,260
45517,3595517,269
45518,3595518,267
45519,3595519,263
45520,3595520,291
45521,3595521,286
45522,3595522,258
45523,3595523,260
45524,3595524,263
45525,3595525,252
45526,3595526,285
45527,3595527,287
45528,3595528,268
45529,3595529,270
45530,3595530,273
45531,3595531,267
45532,3595532,271
45533,3595533,287
45534,3595534,276
45535,3595535,268
45536,3595536,271
45537,3595537,262
45538,3595538,277
45539,3595539,287
45540,3595540,267
45541,3595541,256
45542,3595542,267
45543,3595543,265
45544,3595544,266
45545,3595545,288
45546,3595546,275
45547,3595547,270
45548,3595548,282
45549,3595549,277
45550,3595550,279
45551,3595551,286
45552,3595552,273
45553,3595553,260
45554,3595554,266
45555,3595555,269
45556,3595556,264
45557,3595557,269
45558,3595558,283
45559,3595559,266
45560,3595560,266
45561,3595561,266
45562,3595562,266
45563,3595563,286
45564,3595564,284
45565,3595565,261
45566,3595566,262
45567,3595567,271
45568,3595568,267
45569,3595569,283
45570,3595570,293
45571,3595571,255
45572,3595572,263
45573,3595573,265
45574,3595574,259
45575,3595575,266
45576,3595576,275
45577,3595577,273
45578,3595578,271
45579,3595579,272
45580,3595580,266
45581,3595581,275
45582,3595582,290
45583,3595583,279
45584,3595584,260
45585,3595585,269
45586,3595586,266
45587,3595587,261
45588,3595588,287
45589,3595589,280
45590,3595590,267
45591,3595591,278
45592,3595592,270
45593,3595593,268
45594,3595594,282
45595,3595595,278
45596,3595596,271
45597,3595597,272
45598,3595598,266
45599,3595599,260
45600,3595600,279
45601,3595601,292
45602,3595602,271
45603,3595603,277
45604,3595604,274
45605,3595605,258
45606,3595606,265
45607,3595607,280
45608,3595608,263
45609,3595609,268
45610,3595610,273
45611,3595611,269
45612,3595612,267
45613,3595613,276
45614,3595614,274
45615,3595615,272
45616,3595616,278
45617,3595617,255
45618,3595618,260
45619,3595619,287
45620,3595620,269
45621,3595621,255
45622,3595622,272
45623,3595623,261
45624,3595624,265
45625,3595625,288
45626,3595626,262
45627,3595627,264
45628,3595628,278
45629,3595629,272
45630,3595630,271
45631,3595631,295
45632,3595632,281
45633,3595633,272
45634,3595634,257
45635,3595635,258
45636,3595636,257
45637,3595637,266
45638,3595638,274
45639,3595639,270
45640,3595640,267
45641,3595641,272
45642,3595642,264
45643,3595643,279
45644,3595644,282
45645,3595645,258
45646,3595646,256
45647,3595647,272
45648,3595648,256
45649,3595649,277
45650,3595650,292
45651,3595651,273
45652,3595652,273
45653,3595653,274
45654,3595654,261
45655,3595655,267
45656,3595656,284
45657,3595657,258
45658,3595658,258
45659,3595659,274
45660,3595660,278
45661,3595661,269
45662,3595662,287
45663,3595663,268
45664,3595664,259
45665,3595665,265
45666,3595666,270
45667,3595667,266
45668,3595668,292
45669,3595669,284
45670,3595670,268
45671,3595671,272
45672,3595672,273
45673,3595673,270
45674,3595674,286
45675,3595675,280
45676,3595676,273
45677,3595677,273
45678,3595678,282
45679,3595679,266
45680,3595680,270
45681,3595681,277
45682,3595682,269
45683,3595683,268
45684,3595684,282
45685,3595685,259
45686,3595686,263
45687,3595687,292
45688,3595688,271
45689,3595689,262
45690,3595690,270
45691,3595691,271
45692,3595692,275
45693,3595693,293
45694,3595694,279
45695,3595695,265
45696,3595696,274
45697,3595697,253
45698,3595698,262
45699,3595699,293
45700,3595700,277
45701,3595701,262
45702,3595702,276
45703,3595703,268
45704,3595704,267
45705,3595705,286
45706,3595706,277
45707,3595707,265
45708,3595708,270
45709,3595709,268
45710,3595710,265
45711,3595711,277
45712,3595712,282
45713,3595713,262
45714,3595714,269
45715,3595715,270
45716,3595716,259
45717,3595717,274
45718,3595718,290
45719,3595719,270
45720,3595720,274
45721,3595721,279
45722,3595722,267
45723,3595723,289
45724,3595724,290
45725,3595725,273
45726,3595726,271
45727,3595727,281
45728,3595728,268
45729,3595729,285
45730,3595730,295
45731,3595731,268
45732,3595732,271
45733,3595733,284
45734,3595734,267
45735,3595735,278
45736,3595736,295
45737,3595737,270
45738,3595738,275
45739,3595739,272
45740,3595740,257
45741,3595741,276
45742,3595742,286
45743,3595743,272
45744,3595744,261
45745,3595745,272
45746,3595746,257
45747,3595747,256
45748,3595748,288
45749,3595749,272
45750,3595750,267
45751,3595751,272
45752,3595752,269
45753,3595753,262
45754,3595754,289
45755,3595755,288
45756,3595756,273
45757,3595757,268
45758,3595758,262
45759,3595759,258
45760,3595760,284
45761,3595761,277
45762,3595762,256
45763,3595763,268
45764,3595764,270
45765,3595765,270
45766,3595766,276
45767,3595767,294
45768,3595768,273
45769,3595769,269
45770,3595770,269
45771,3595771,263
45772,3595772,272
45773,3595773,291
45774,3595774,267
45775,3595775,269
45776,3595776,277
45777,3595777,254
45778,3595778,271
45779,3595779,284
45780,3595780,270
45781,3595781,268
45782,3595782,279
45783,3595783,266
45784,3595784,263
45785,3595785,281
45786,3595786,275
45787,3595787,271
45788,3595788,278
45789,3595789,271
45790,3595790,269
45791,3595791,293
45792,3595792,283
45793,3595793,267
45794,3595794,264
45795,3595795,270
45796,3595796,5844
45797,3595797,5778
45798,3595798,5730
45799,3595799,5647
45800,3595800,5593
45801,3595801,5569
45802,3595802,5519
45803,3595803,5508
45804,3595804,5493
45805,3595805,5470
45806,3595806,5454
45807,3595807,5454
45808,3595808,5430
45809,3595809,5437
45810,3595810,5448
45811,3595811,5418
45812,3595812,5418
45813,3595813,5431
45814,3595814,5411
45815,3595815,5416
45816,3595816,5429
45817,3595817,5414
45818,3595818,5412
45819,3595819,5410
45820,3595820,5405
45821,3595821,5403
45822,3595822,5427
45823,3595823,5424
45824,3595824,5421
45825,3595825,5427
45826,3595826,5407
45827,3595827,5412
45828,3595828,5434
45829,3595829,5406
45830,3595830,5393
45831,3595831,5403
45832,3595832,5399
45833,3595833,5396
45834,3595834,5406
45835,3595835,5397
45836,3595836,5390
45837,3595837,5384
45838,3595838,5392
45839,3595839,5384
45840,3595840,5413
45841,3595841,5431
45842,3595842,5402
45843,3595843,5410
45844,3595844,5413
45845,3595845,5409
45846,3595846,5422
45847,3595847,5417
45848,3595848,5404
45849,3595849,5402
45850,3595850,5389
45851,3595851,5380
45852,3595852,5390
45853,3595853,5414
45854,3595854,5399
45855,3595855,5387
45856,3595856,5391
45857,3595857,5383
45858,3595858,5403
45859,3595859,5416
45860,3595860,5391
45861,3595861,5393
45862,3595862,5405
45863,3595863,5393
45864,3595864,5392
45865,3595865,5409
45866,3595866,5390
45867,3595867,5389
45868,3595868,5391
45869,3595869,5387
45870,3595870,5380
45871,3595871,5406
45872,3595872,5390
45873,3595873,5388
45874,3595874,5386
45875,3595875,5385
45876,3595876,5394
45877,3595877,5410
45878,3595878,5406
45879,3595879,5384
45880,3595880,5395
45881,3595881,5396
45882,3595882,5389
45883,3595883,5407
45884,3595884,5410
45885,3595885,5396
45886,3595886,5402
45887,3595887,5383
45888,3595888,5389
45889,3595889,5421
45890,3595890,5417
45891,3595891,5394
45892,3595892,5405
45893,3595893,5409
45894,3595894,5387
45895,3595895,5410
45896,3595896,5414
45897,3595897,5398
45898,3595898,5394
45899,3595899,5384
45900,3595900,5376
45901,3595901,5388
45902,3595902,5399
45903,3595903,5386
45904,3595904,5400
45905,3595905,5416
45906,3595906,5399
45907,3595907,5406
45908,3595908,5415
45909,3595909,5398
45910,3595910,5388
45911,3595911,5392
45912,3595912,5386
45913,3595913,5394
45914,3595914,5418
45915,3595915,5402
45916,3595916,5401
45917,3595917,5405
45918,3595918,5395
45919,3595919,5393
45920,3595920,5405
45921,3595921,5402
45922,3595922,5388
45923,3595923,5419
45924,3595924,5420
45925,3595925,5409
45926,3595926,5423
45927,3595927,5411
45928,3595928,5406
45929,3595929,5409
45930,3595930,5396
45931,3595931,5399
45932,3595932,5423
45933,3595933,5420
45934,3595934,5394
45935,3595935,5406
45936,3595936,5399
45937,3595937,5382
45938,3595938,5396
45939,3595939,5404
45940,3595940,5382
45941,3595941,5381
45942,3595942,5389
45943,3595943,5377
45944,3595944,5374
45945,3595945,5404
45946,3595946,5386
45947,3595947,5375
45948,3595948,5399
45949,3595949,5395
45950,3595950,5408
45951,3595951,5418
45952,3595952,5410
45953,3595953,5404
45954,3595954,5404
45955,3595955,5394
45956,3595956,5386
45957,3595957,5411
45958,3595958,5395
45959,3595959,265
45960,3595960,267
45961,3595961,257
45962,3595962,264
45963,3595963,274
45964,3595964,265
45965,3595965,259
45966,3595966,267
45967,3595967,268
45968,3595968,264
45969,3595969,296
45970,3595970,280
45971,3595971,264
45972,3595972,257
45973,3595973,257
45974,3595974,256
45975,3595975,278
45976,3595976,280
45977,3595977,259
45978,3595978,259
45979,3595979,263
45980,3595980,259
45981,3595981,266
45982,3595982,284
45983,3595983,264
45984,3595984,269
45985,3595985,273
45986,3595986,266
45987,3595987,269
45988,3595988,285
45989,3595989,269
45990,3595990,265
45991,3595991,275
45992,3595992,263
45993,3595993,272
45994,3595994,288
45995,3595995,278
45996,3595996,270
45997,3595997,277
45998,3595998,258
45999,3595999,256
46000,3596000,282
46001,3596001,282
46002,3596002,268
46003,3596003,274
46004,3596004,267
46005,3596005,265
46006,3596006,282
46007,3596007,281
46008,3596008,270
46009,3596009,276
46010,3596010,264
46011,3596011,257
46012,3596012,277
46013,3596013,282
46014,3596014,269
46015,3596015,274
46016,3596016,280
46017,3596017,266
46018,3596018,281
46019,3596019,290
46020,3596020,258
46021,3596021,261
46022,3596022,267
46023,3596023,261
46024,3596024,265
46025,3596025,280
46026,3596026,272
46027,3596027,264
46028,3596028,270
46029,3596029,250
46030,3596030,263
46031,3596031,286
46032,3596032,276
46033,3596033,270
46034,3596034,276
46035,3596035,261
46036,3596036,251
46037,3596037,279
46038,3596038,288
46039,3596039,269
46040,3596040,275
46041,3596041,269
46042,3596042,254
46043,3596043,282
46044,3596044,274
46045,3596045,264
46046,3596046,273
46047,3596047,268
46048,3596048,268
46049,3596049,283
46050,3596050,282
46051,3596051,261
46052,3596052,271
46053,3596053,275
46054,3596054,271
46055,3596055,272
46056,3596056,285
46057,3596057,265
46058,3596058,255
46059,3596059,270
46060,3596060,260
46061,3596061,272
46062,3596062,287
46063,3596063,274
46064,3596064,271
46065,3596065,279
46066,3596066,274
46067,3596067,278
46068,3596068,286
46069,3596069,276
46070,3596070,262
46071,3596071,270
46072,3596072,265
46073,3596073,269
46074,3596074,288
46075,3596075,273
46076,3596076,264
46077,3596077,271
46078,3596078,268
46079,3596079,253
46080,3596080,281
46081,3596081,290
46082,3596082,273
46083,3596083,274
46084,3596084,277
46085,3596085,268
46086,3596086,265
46087,3596087,282
46088,3596088,264
46089,3596089,261
46090,3596090,273
46091,3596091,269
46092,3596092,266
46093,3596093,290
46094,3596094,281
46095,3596095,258
46096,3596096,279
46097,3596097,267
46098,3596098,274
46099,3596099,292
46100,3596100,281
46101,3596101,268
46102,3596102,273
46103,3596103,280
46104,3596104,263
46105,3596105,278
46106,3596106,280
46107,3596107,266
46108,3596108,272
46109,3596109,271
46110,3596110,256
46111,3596111,281
46112,3596112,291
46113,3596113,270
46114,3596114,286
46115,3596115,277
46116,3596116,265
46117,3596117,274
46118,3596118,291
46119,3596119,267
46120,3596120,267
46121,3596121,271
46122,3596122,253
46123,3596123,265
46124,3596124,291
46125,3596125,273
46126,3596126,279
46127,3596127,280
46128,3596128,271
46129,3596129,266
46130,3596130,293
46131,3596131,264
46132,3596132,254
46133,3596133,278
46134,3596134,270
46135,3596135,269
46136,3596136,290
46137,3596137,287
46138,3596138,271
46139,3596139,272
46140,3596140,273
46141,3596141,268
46142,3596142,290
46143,3596143,282
46144,3596144,267
46145,3596145,275
46146,3596146,273
46147,3596147,264
46148,3596148,281
46149,3596149,291
46150,3596150,267
46151,3596151,274
46152,3596152,275
46153,3596153,262
46154,3596154,277
46155,3596155,296
46156,3596156,269
46157,3596157,269
46158,3596158,270
46159,3596159,260
46160,3596160,271
46161,3596161,291
46162,3596162,273
46163,3596163,271
46164,3596164,284
46165,3596165,259
46166,3596166,259
46167,3596167,278
46168,3596168,278
46169,3596169,267
46170,3596170,272
46171,3596171,262
46172,3596172,258
46173,3596173,287
46174,3596174,278
46175,3596175,270
46176,3596176,271
46177,3596177,282
46178,3596178,262
46179,3596179,276
46180,3596180,282
46181,3596181,270
46182,3596182,275
46183,3596183,269
46184,3596184,278
46185,3596185,276
46186,3596186,290
46187,3596187,275
46188,3596188,271
46189,3596189,271
46190,3596190,262
46191,3596191,270
46192,3596192,289
46193,3596193,268
46194,3596194,266
46195,3596195,280
46196,3596196,265
46197,3596197,277
46198,3596198,283
46199,3596199,279
46200,3596200,264
46201,3596201,273
46202,3596202,269
46203,3596203,265
46204,3596204,282
46205,3596205,279
46206,3596206,269
46207,3596207,276
46208,3596208,280
46209,3596209,271
46210,3596210,290
46211,3596211,282
46212,3596212,264
46213,3596213,264
46214,3596214,270
46215,3596215,272
46216,3596216,284
46217,3596217,288
46218,3596218,268
46219,3596219,273
46220,3596220,268
46221,3596221,255
46222,3596222,279
46223,3596223,290
46224,3596224,270
46225,3596225,262
46226,3596226,273
46227,3596227,271
46228,3596228,274
46229,3596229,298
46230,3596230,275
46231,3596231,268
46232,3596232,277
46233,3596233,270
46234,3596234,264
46235,3596235,275
46236,3596236,270
46237,3596237,257
46238,3596238,271
46239,3596239,270
46240,3596240,269
46241,3596241,304
46242,3596242,283
46243,3596243,263
46244,3596244,273
46245,3596245,267
46246,3596246,253
46247,3596247,284
46248,3596248,282
46249,3596249,266
46250,3596250,274
46251,3596251,275
46252,3596252,270
46253,3596253,282
46254,3596254,286
46255,3596255,257
46256,3596256,267
46257,3596257,276
46258,3596258,270
46259,3596259,290
46260,3596260,298
46261,3596261,263
46262,3596262,267
46263,3596263,272
46264,3596264,258
46265,3596265,266
46266,3596266,296
46267,3596267,270
46268,3596268,275
46269,3596269,274
46270,3596270,261
46271,3596271,266
46272,3596272,283
46273,3596273,270
46274,3596274,268
46275,3596275,277
46276,3596276,272
46277,3596277,273
46278,3596278,294
46279,3596279,288
46280,3596280,266
46281,3596281,269
46282,3596282,271
46283,3596283,267
46284,3596284,279
46285,3596285,270
46286,3596286,255
46287,3596287,265
46288,3596288,273
46289,3596289,264
46290,3596290,284
46291,3596291,298
46292,3596292,269
46293,3596293,266
46294,3596294,274
46295,3596295,264
46296,3596296,283
46297,3596297,298
46298,3596298,269
46299,3596299,264
46300,3596300,276
46301,3596301,264
46302,3596302,265
46303,3596303,287
46304,3596304,274
46305,3596305,268
46306,3596306,276
46307,3596307,271
46308,3596308,268
46309,3596309,288
46310,3596310,271
46311,3596311,261
46312,3596312,280
46313,3596313,277
46314,3596314,274
46315,3596315,287
46316,3596316,282
46317,3596317,264
46318,3596318,261
46319,3596319,265
46320,3596320,254
46321,3596321,283
46322,3596322,294
46323,3596323,273
46324,3596324,280
46325,3596325,281
46326,3596326,265
46327,3596327,270
46328,3596328,288
46329,3596329,259
46330,3596330,262
46331,3596331,265
46332,3596332,263
46333,3596333,276
46334,3596334,288
46335,3596335,275
46336,3596336,266
46337,3596337,278
46338,3596338,266
46339,3596339,264
46340,3596340,290
46341,3596341,281
46342,3596342,263
46343,3596343,273
46344,3596344,261
46345,3596345,263
46346,3596346,287
46347,3596347,284
46348,3596348,270
46349,3596349,279
46350,3596350,280
46351,3596351,276
46352,3596352,286
46353,3596353,281
46354,3596354,270
46355,3596355,275
46356,3596356,266
46357,3596357,248
46358,3596358,284
46359,3596359,298
46360,3596360,268
46361,3596361,273
46362,3596362,275
46363,3596363,265
46364,3596364,277
46365,3596365,288
46366,3596366,272
46367,3596367,271
46368,3596368,273
46369,3596369,256
46370,3596370,271
46371,3596371,283
46372,3596372,273
46373,3596373,274
46374,3596374,282
46375,3596375,269
46376,3596376,270
46377,3596377,294
46378,3596378,5860
46379,3596379,5780
46380,3596380,5725
46381,3596381,5673
46382,3596382,5620
46383,3596383,5619
46384,3596384,5560
46385,3596385,5524
46386,3596386,5516
46387,3596387,5502
46388,3596388,5468
46389,3596389,5478
46390,3596390,5459
46391,3596391,5442
46392,3596392,5454
46393,3596393,5454
46394,3596394,5433
46395,3596395,5459
46396,3596396,5462
46397,3596397,5439
46398,3596398,5438
46399,3596399,5433
46400,3596400,5420
46401,3596401,5444
46402,3596402,5452
46403,3596403,5427
46404,3596404,5418
46405,3596405,5433
46406,3596406,5442
46407,3596407,5448
46408,3596408,5463
46409,3596409,5453
46410,3596410,5437
46411,3596411,5453
46412,3596412,5441
46413,3596413,5455
46414,3596414,5482
46415,3596415,5439
46416,3596416,5429
46417,3596417,5434
46418,3596418,5430
46419,3596419,5432
46420,3596420,5457
46421,3596421,5438
46422,3596422,5435
46423,3596423,5432
46424,3596424,5447
46425,3596425,5432
46426,3596426,5455
46427,3596427,5452
46428,3596428,5442
46429,3596429,5450
46430,3596430,5443
46431,3596431,5435
46432,3596432,5465
46433,3596433,5462
46434,3596434,5436
46435,3596435,5454
46436,3596436,5450
46437,3596437,5444
46438,3596438,5455
46439,3596439,5463
46440,3596440,5434
46441,3596441,5433
46442,3596442,5451
46443,3596443,5441
46444,3596444,5443
46445,3596445,5444
46446,3596446,5418
46447,3596447,5435
46448,3596448,5436
46449,3596449,5421
46450,3596450,5436
46451,3596451,5446
46452,3596452,5431
46453,3596453,5426
46454,3596454,5426
46455,3596455,5425
46456,3596456,5429
46457,3596457,5445
46458,3596458,5426
46459,3596459,5410
46460,3596460,5416
46461,3596461,5410
46462,3596462,5418
46463,3596463,5454
46464,3596464,5439
46465,3596465,5426
46466,3596466,5456
46467,3596467,5433
46468,3596468,5434
46469,3596469,5464
46470,3596470,5452
46471,3596471,5441
46472,3596472,5447
46473,3596473,5401
46474,3596474,5405
46475,3596475,5426
46476,3596476,5436
46477,3596477,5434
46478,3596478,5429
46479,3596479,5431
46480,3596480,5420
46481,3596481,5443
46482,3596482,5450
46483,3596483,5444
46484,3596484,5444
46485,3596485,5445
46486,3596486,5430
46487,3596487,5424
46488,3596488,5454
46489,3596489,5429
46490,3596490,5424
46491,3596491,5458
46492,3596492,5446
46493,3596493,5450
46494,3596494,5457
46495,3596495,5444
46496,3596496,5443
46497,3596497,5448
46498,3596498,5444
46499,3596499,5443
46500,3596500,5453
46501,3596501,5449
46502,3596502,5430
46503,3596503,5423
46504,3596504,5433
46505,3596505,5420
46506,3596506,5439
46507,3596507,5440
46508,3596508,5421
46509,3596509,5427
46510,3596510,5427
46511,3596511,267
46512,3596512,284
46513,3596513,280
46514,3596514,270
46515,3596515,260
46516,3596516,265
46517,3596517,257
46518,3596518,271
46519,3596519,293
46520,3596520,269
46521,3596521,264
46522,3596522,267
46523,3596523,265
46524,3596524,270
46525,3596525,288
46526,3596526,274
46527,3596527,269
46528,3596528,276
46529,3596529,262
46530,3596530,267
46531,3596531,282
46532,3596532,279
46533,3596533,268
46534,3596534,272
46535,3596535,272
46536,3596536,261
46537,3596537,275
46538,3596538,279
46539,3596539,269
46540,3596540,279
46541,3596541,270
46542,3596542,265
46543,3596543,270
46544,3596544,279
46545,3596545,266
46546,3596546,265
46547,3596547,280
46548,3596548,263
46549,3596549,276
46550,3596550,288
46551,3596551,267
46552,3596552,267
46553,3596553,283
46554,3596554,271
46555,3596555,278
46556,3596556,286
46557,3596557,272
46558,3596558,263
46559,3596559,271
46560,3596560,261
46561,3596561,263
46562,3596562,287
46563,3596563,284
46564,3596564,275
46565,3596565,282
46566,3596566,285
46567,3596567,260
46568,3596568,279
46569,3596569,283
46570,3596570,265
46571,3596571,282
46572,3596572,267
46573,3596573,270
46574,3596574,280
46575,3596575,283
46576,3596576,272
46577,3596577,270
46578,3596578,273
46579,3596579,262
46580,3596580,285
46581,3596581,285
46582,3596582,272
46583,3596583,278
46584,3596584,279
46585,3596585,267
46586,3596586,255
46587,3596587,286
46588,3596588,282
46589,3596589,266
46590,3596590,274
46591,3596591,267
46592,3596592,269
46593,3596593,289
46594,3596594,281
46595,3596595,271
46596,3596596,262
46597,3596597,264
46598,3596598,266
46599,3596599,289
46600,3596600,286
46601,3596601,264
46602,3596602,268
46603,3596603,268
46604,3596604,251
46605,3596605,277
46606,3596606,282
46607,3596607,284
46608,3596608,274
46609,3596609,283
46610,3596610,270
46611,3596611,281
46612,3596612,285
46613,3596613,264
46614,3596614,265
46615,3596615,268
46616,3596616,270
46617,3596617,280
46618,3596618,294
46619,3596619,271
46620,3596620,273
46621,3596621,276
46622,3596622,267
46623,3596623,268
46624,3596624,289
46625,3596625,280
46626,3596626,268
46627,3596627,280
46628,3596628,272
46629,3596629,272
46630,3596630,284
46631,3596631,283
46632,3596632,267
46633,3596633,276
46634,3596634,274
46635,3596635,275
46636,3596636,282
46637,3596637,281
46638,3596638,267
46639,3596639,268
46640,3596640,271
46641,3596641,271
46642,3596642,282
46643,3596643,287
46644,3596644,268
46645,3596645,270
46646,3596646,282
46647,3596647,258
46648,3596648,277
46649,3596649,283
46650,3596650,270
46651,3596651,264
46652,3596652,283
46653,3596653,260
46654,3596654,272
46655,3596655,280
46656,3596656,265
46657,3596657,274
46658,3596658,281
46659,3596659,263
46660,3596660,272
46661,3596661,292
46662,3596662,275
46663,3596663,264
46664,3596664,277
46665,3596665,268
46666,3596666,270
46667,3596667,293
46668,3596668,287
46669,3596669,266
46670,3596670,270
46671,3596671,277
46672,3596672,266
46673,3596673,287
46674,3596674,294
46675,3596675,276
46676,3596676,273
46677,3596677,276
46678,3596678,261
46679,3596679,288
46680,3596680,295
46681,3596681,275
46682,3596682,269
46683,3596683,272
46684,3596684,261
46685,3596685,272
46686,3596686,290
46687,3596687,267
46688,3596688,270
46689,3596689,272
46690,3596690,268
46691,3596691,277
46692,3596692,291
46693,3596693,269
46694,3596694,280
46695,3596695,284
46696,3596696,259
46697,3596697,260
46698,3596698,282
46699,3596699,282
46700,3596700,260
46701,3596701,273
46702,3596702,266
46703,3596703,260
46704,3596704,282
46705,3596705,282
46706,3596706,271
46707,3596707,274
46708,3596708,271
46709,3596709,269
46710,3596710,282
46711,3596711,277
46712,3596712,266
46713,3596713,1
46714,3596714,1
46715,3596715,1
46716,3596716,1
46717,3596717,1
46718,3596718,3899
46719,3596719,288
46720,3596720,279
46721,3596721,286
46722,3596722,293
46723,3596723,284
46724,3596724,274
46725,3596725,282
46726,3596726,266
46727,3596727,269
46728,3596728,287
46729,3596729,275
46730,3596730,268
46731,3596731,273
46732,3596732,270
46733,3596733,267
46734,3596734,276
46735,3596735,276
46736,3596736,268
46737,3596737,279
46738,3596738,272
46739,3596739,268
46740,3596740,288
46741,3596741,294
46742,3596742,273
46743,3596743,268
46744,3596744,274
46745,3596745,262
46746,3596746,277
46747,3596747,285
46748,3596748,273
46749,3596749,272
46750,3596750,279
46751,3596751,268
46752,3596752,289
46753,3596753,280
46754,3596754,266
46755,3596755,268
46756,3596756,292
46757,3596757,266
46758,3596758,282
46759,3596759,299
46760,3596760,266
46761,3596761,264
46762,3596762,273
46763,3596763,264
46764,3596764,276
46765,3596765,285
46766,3596766,274
46767,3596767,267
46768,3596768,279
46769,3596769,275
46770,3596770,279
46771,3596771,290
46772,3596772,280
46773,3596773,266
46774,3596774,276
46775,3596775,272
46776,3596776,273
46777,3596777,292
46778,3596778,281
46779,3596779,268
46780,3596780,276
46781,3596781,265
46782,3596782,275
46783,3596783,287
46784,3596784,283
46785,3596785,275
46786,3596786,278
46787,3596787,272
46788,3596788,275
46789,3596789,294
46790,3596790,284
46791,3596791,267
46792,3596792,274
46793,3596793,278
46794,3596794,262
46795,3596795,293
46796,3596796,295
46797,3596797,267
46798,3596798,268
46799,3596799,271
46800,3596800,265
46801,3596801,279
46802,3596802,280
46803,3596803,264
46804,3596804,272
46805,3596805,273
46806,3596806,266
46807,3596807,281
46808,3596808,295
46809,3596809,278
46810,3596810,280
46811,3596811,282
46812,3596812,270
46813,3596813,280
46814,3596814,288
46815,3596815,271
46816,3596816,270
46817,3596817,277
46818,3596818,259
46819,3596819,263
46820,3596820,295
46821,3596821,285
46822,3596822,267
46823,3596823,279
46824,3596824,274
46825,3596825,268
46826,3596826,298
46827,3596827,283
46828,3596828,269
46829,3596829,269
46830,3596830,265
46831,3596831,267
46832,3596832,289
46833,3596833,279
46834,3596834,266
46835,3596835,271
46836,3596836,278
46837,3596837,263
46838,3596838,290
46839,3596839,287
46840,3596840,273
46841,3596841,269
46842,3596842,275
46843,3596843,263
46844,3596844,283
46845,3596845,294
46846,3596846,274
46847,3596847,282
46848,3596848,284
46849,3596849,261
46850,3596850,279
46851,3596851,296
46852,3596852,276
46853,3596853,266
46854,3596854,275
46855,3596855,264
46856,3596856,281
46857,3596857,295
46858,3596858,281
46859,3596859,277
46860,3596860,278
46861,3596861,271
46862,3596862,268
46863,3596863,277
46864,3596864,278
46865,3596865,266
46866,3596866,288
46867,3596867,273
46868,3596868,277
46869,3596869,300
46870,3596870,279
46871,3596871,262
46872,3596872,271
46873,3596873,278
46874,3596874,269
46875,3596875,303
46876,3596876,288
46877,3596877,274
46878,3596878,284
46879,3596879,279
46880,3596880,267
46881,3596881,286
46882,3596882,280
46883,3596883,268
46884,3596884,268
46885,3596885,275
46886,3596886,270
46887,3596887,295
46888,3596888,286
46889,3596889,272
46890,3596890,272
46891,3596891,269
46892,3596892,267
46893,3596893,280
46894,3596894,292
46895,3596895,270
46896,3596896,269
46897,3596897,273
46898,3596898,256
46899,3596899,281
46900,3596900,294
46901,3596901,276
46902,3596902,277
46903,3596903,288
46904,3596904,268
46905,3596905,272
46906,3596906,293
46907,3596907,272
46908,3596908,266
46909,3596909,277
46910,3596910,264
46911,3596911,271
46912,3596912,294
46913,3596913,281
46914,3596914,267
46915,3596915,275
46916,3596916,263
46917,3596917,262
46918,3596918,292
46919,3596919,281
46920,3596920,277
46921,3596921,286
46922,3596922,282
46923,3596923,278
46924,3596924,294
46925,3596925,283
46926,3596926,270
46927,3596927,280
46928,3596928,270
46929,3596929,268
46930,3596930,277
46931,3596931,285
46932,3596932,273
46933,3596933,276
46934,3596934,282
46935,3596935,264
46936,3596936,278
46937,3596937,294
46938,3596938,276
46939,3596939,273
46940,3596940,274
46941,3596941,270
46942,3596942,290
46943,3596943,301
46944,3596944,277
46945,3596945,282
46946,3596946,281
46947,3596947,258
46948,3596948,261
46949,3596949,277
46950,3596950,269
46951,3596951,268
46952,3596952,287
46953,3596953,264
46954,3596954,279
46955,3596955,304
46956,3596956,282
46957,3596957,276
46958,3596958,285
46959,3596959,264
46960,3596960,276
46961,3596961,296
46962,3596962,277
46963,3596963,272
46964,3596964,276
46965,3596965,272
46966,3596966,272
46967,3596967,290
46968,3596968,283
46969,3596969,267
46970,3596970,273
46971,3596971,271
46972,3596972,268
46973,3596973,287
46974,3596974,285
46975,3596975,269
46976,3596976,268
46977,3596977,277
46978,3596978,271
46979,3596979,282
46980,3596980,293
46981,3596981,272
46982,3596982,277
46983,3596983,280
46984,3596984,267
46985,3596985,280
46986,3596986,299
46987,3596987,273
46988,3596988,269
46989,3596989,280
46990,3596990,272
46991,3596991,271
46992,3596992,288
46993,3596993,273
46994,3596994,284
46995,3596995,285
46996,3596996,271
46997,3596997,280
46998,3596998,292
46999,3596999,267
47000,3597000,271
47001,3597001,285
47002,3597002,267
47003,3597003,276
47004,3597004,295
47005,3597005,271
47006,3597006,264
47007,3597007,278
47008,3597008,275
47009,3597009,270
47010,3597010,287
47011,3597011,281
47012,3597012,275
47013,3597013,278
47014,3597014,279
47015,3597015,270
47016,3597016,294
47017,3597017,289
47018,3597018,269
47019,3597019,282
47020,3597020,276
47021,3597021,267
47022,3597022,294
47023,3597023,293
47024,3597024,267
47025,3597025,269
47026,3597026,271
47027,3597027,260
47028,3597028,288
47029,3597029,290
47030,3597030,273
47031,3597031,280
47032,3597032,290
47033,3597033,269
47034,3597034,295
47035,3597035,299
47036,3597036,272
47037,3597037,270
47038,3597038,289
47039,3597039,265
47040,3597040,279
47041,3597041,292
47042,3597042,270
47043,3597043,268
47044,3597044,274
47045,3597045,264
47046,3597046,278
47047,3597047,291
47048,3597048,275
47049,3597049,270
47050,3597050,279
47051,3597051,273
47052,3597052,270
47053,3597053,294
47054,3597054,285
47055,3597055,264
47056,3597056,276
47057,3597057,274
47058,3597058,273
47059,3597059,291
47060,3597060,283
47061,3597061,268
47062,3597062,279
47063,3597063,275
47064,3597064,273
47065,3597065,295
47066,3597066,291
47067,3597067,269
47068,3597068,274
47069,3597069,269
47070,3597070,264
47071,3597071,288
47072,3597072,295
47073,3597073,284
47074,3597074,273
47075,3597075,268
47076,3597076,263
47077,3597077,269
47078,3597078,290
47079,3597079,274
47080,3597080,280
47081,3597081,280
47082,3597082,278
47083,3597083,288
47084,3597084,5912
47085,3597085,5810
47086,3597086,5752
47087,3597087,5731
47088,3597088,5663
47089,3597089,5645
47090,3597090,5616
47091,3597091,5574
47092,3597092,5558
47093,3597093,5545
47094,3597094,5524
47095,3597095,5523
47096,3597096,5538
47097,3597097,5508
47098,3597098,5500
47099,3597099,5519
47100,3597100,5498
47101,3597101,5495
47102,3597102,5514
47103,3597103,5496
47104,3597104,5488
47105,3597105,5498
47106,3597106,5483
47107,3597107,5489
47108,3597108,5495
47109,3597109,5488
47110,3597110,5481
47111,3597111,5492
47112,3597112,5491
47113,3597113,5476
47114,3597114,5500
47115,3597115,5477
47116,3597116,269
47117,3597117,280
47118,3597118,267
47119,3597119,268
47120,3597120,287
47121,3597121,275
47122,3597122,274
47123,3597123,283
47124,3597124,282
47125,3597125,280
47126,3597126,299
47127,3597127,284
47128,3597128,266
47129,3597129,276
47130,3597130,271
47131,3597131,267
47132,3597132,289
47133,3597133,291
47134,3597134,276
47135,3597135,273
47136,3597136,267
47137,3597137,261
47138,3597138,287
47139,3597139,283
47140,3597140,270
47141,3597141,275
47142,3597142,281
47143,3597143,264
47144,3597144,290
47145,3597145,292
47146,3597146,272
47147,3597147,271
47148,3597148,284
47149,3597149,270
47150,3597150,279
47151,3597151,293
47152,3597152,270
47153,3597153,273
47154,3597154,281
47155,3597155,272
47156,3597156,271
47157,3597157,298
47158,3597158,268
47159,3597159,262
47160,3597160,273
47161,3597161,268
47162,3597162,277
47163,3597163,299
47164,3597164,282
47165,3597165,273
47166,3597166,273
47167,3597167,272
47168,3597168,268
47169,3597169,292
47170,3597170,283
47171,3597171,276
47172,3597172,279
47173,3597173,273
47174,3597174,272
47175,3597175,297
47176,3597176,292
47177,3597177,272
47178,3597178,272
47179,3597179,277
47180,3597180,273
47181,3597181,288
47182,3597182,292
47183,3597183,280
47184,3597184,280
47185,3597185,269
47186,3597186,266
47187,3597187,285
47188,3597188,285
47189,3597189,265
47190,3597190,277
47191,3597191,280
47192,3597192,271
47193,3597193,288
47194,3597194,296
47195,3597195,264
47196,3597196,269
47197,3597197,287
47198,3597198,265
47199,3597199,282
47200,3597200,296
47201,3597201,274
47202,3597202,277
47203,3597203,285
47204,3597204,268
47205,3597205,277
47206,3597206,291
47207,3597207,269
47208,3597208,272
47209,3597209,282
47210,3597210,265
47211,3597211,267
47212,3597212,289
47213,3597213,288
47214,3597214,275
47215,3597215,281
47216,3597216,272
47217,3597217,266
47218,3597218,297
47219,3597219,284
47220,3597220,274
47221,3597221,285
47222,3597222,278
47223,3597223,274
47224,3597224,294
47225,3597225,289
47226,3597226,263
47227,3597227,272
47228,3597228,276
47229,3597229,272
47230,3597230,287
47231,3597231,289
47232,3597232,268
47233,3597233,271
47234,3597234,274
47235,3597235,261
47236,3597236,284
47237,3597237,283
47238,3597238,267
47239,3597239,272
47240,3597240,288
47241,3597241,275
47242,3597242,296
47243,3597243,303
47244,3597244,270
47245,3597245,275
47246,3597246,271
47247,3597247,266
47248,3597248,277
47249,3597249,301
47250,3597250,275
47251,3597251,278
47252,3597252,287
47253,3597253,266
47254,3597254,274
47255,3597255,295
47256,3597256,268
47257,3597257,267
47258,3597258,279
47259,3597259,265
47260,3597260,270
47261,3597261,295
47262,3597262,281
47263,3597263,268
47264,3597264,279
47265,3597265,274
47266,3597266,268
47267,3597267,280
47268,3597268,286
47269,3597269,271
47270,3597270,283
47271,3597271,268
47272,3597272,277
47273,3597273,287
47274,3597274,279
47275,3597275,271
47276,3597276,278
47277,3597277,277
47278,3597278,268
47279,3597279,296
47280,3597280,283
47281,3597281,276
47282,3597282,281
47283,3597283,278
47284,3597284,272
47285,3597285,285
47286,3597286,292
47287,3597287,268
47288,3597288,267
47289,3597289,279
47290,3597290,266
47291,3597291,277
47292,3597292,290
47293,3597293,276
47294,3597294,276
47295,3597295,278
47296,3597296,270
47297,3597297,282
47298,3597298,297
47299,3597299,272
47300,3597300,274
47301,3597301,283
47302,3597302,264
47303,3597303,278
47304,3597304,296
47305,3597305,277
47306,3597306,275
47307,3597307,281
47308,3597308,267
47309,3597309,273
47310,3597310,294
47311,3597311,279
47312,3597312,270
47313,3597313,283
47314,3597314,276
47315,3597315,276
47316,3597316,297
47317,3597317,287
47318,3597318,268
47319,3597319,283
47320,3597320,284
47321,3597321,269
47322,3597322,289
47323,3597323,282
47324,3597324,273
47325,3597325,286
47326,3597326,288
47327,3597327,281
47328,3597328,291
47329,3597329,287
47330,3597330,268
47331,3597331,273
47332,3597332,282
47333,3597333,270
47334,3597334,289
47335,3597335,297
47336,3597336,277
47337,3597337,274
47338,3597338,279
47339,3597339,273
47340,3597340,290
47341,3597341,294
47342,3597342,280
47343,3597343,282
47344,3597344,288
47345,3597345,275
47346,3597346,278
47347,3597347,290
47348,3597348,262
47349,3597349,279
47350,3597350,292
47351,3597351,270
47352,3597352,280
47353,3597353,297
47354,3597354,282
47355,3597355,277
47356,3597356,283
47357,3597357,278
47358,3597358,279
47359,3597359,300
47360,3597360,279
47361,3597361,264
47362,3597362,274
47363,3597363,269
47364,3597364,272
47365,3597365,305
47366,3597366,286
47367,3597367,284
47368,3597368,280
47369,3597369,276
47370,3597370,278
47371,3597371,297
47372,3597372,295
47373,3597373,275
47374,3597374,279
47375,3597375,284
47376,3597376,266
47377,3597377,287
47378,3597378,292
47379,3597379,273
47380,3597380,279
47381,3597381,278
47382,3597382,274
47383,3597383,294
47384,3597384,297
47385,3597385,285
47386,3597386,283
47387,3597387,287
47388,3597388,273
47389,3597389,283
47390,3597390,298
47391,3597391,277
47392,3597392,279
47393,3597393,292
47394,3597394,282
47395,3597395,293
47396,3597396,298
47397,3597397,280
47398,3597398,271
47399,3597399,281
47400,3597400,269
47401,3597401,280
47402,3597402,309
47403,3597403,283
47404,3597404,284
47405,3597405,278
47406,3597406,271
47407,3597407,270
47408,3597408,293
47409,3597409,271
47410,3597410,266
47411,3597411,285
47412,3597412,273
47413,3597413,274
47414,3597414,300
47415,3597415,281
47416,3597416,274
47417,3597417,286
47418,3597418,279
47419,3597419,268
47420,3597420,283
47421,3597421,284
47422,3597422,275
47423,3597423,281
47424,3597424,275
47425,3597425,270
47426,3597426,291
47427,3597427,292
47428,3597428,267
47429,3597429,278
47430,3597430,279
47431,3597431,271
47432,3597432,290
47433,3597433,291
47434,3597434,271
47435,3597435,279
47436,3597436,282
47437,3597437,275
47438,3597438,296
47439,3597439,310
47440,3597440,276
47441,3597441,282
47442,3597442,281
47443,3597443,266
47444,3597444,280
47445,3597445,302
47446,3597446,278
47447,3597447,266
47448,3597448,284
47449,3597449,265
47450,3597450,278
47451,3597451,295
47452,3597452,278
47453,3597453,271
47454,3597454,285
47455,3597455,270
47456,3597456,278
47457,3597457,301
47458,3597458,275
47459,3597459,277
47460,3597460,288
47461,3597461,268
47462,3597462,273
47463,3597463,297
47464,3597464,282
47465,3597465,267
47466,3597466,280
47467,3597467,273
47468,3597468,275
47469,3597469,291
47470,3597470,288
47471,3597471,276
47472,3597472,281
47473,3597473,285
47474,3597474,274
