,time,washer
0,927000,2
1,927001,2
2,927002,2
3,927003,2
4,927004,3
5,927005,2
6,927006,2
7,927007,2
8,927008,2
9,927009,2
10,927010,2
11,927011,2
12,927012,2
13,927013,2
14,927014,2
15,927015,2
16,927016,2
17,927017,2
18,927018,2
19,927019,2
20,927020,1
21,927021,2
22,927022,3
23,927023,2
24,927024,2
25,927025,2
26,927026,2
27,927027,2
28,927028,2
29,927029,3
30,927030,2
31,927031,2
32,927032,2
33,927033,2
34,927034,2
35,927035,2
36,927036,2
37,927037,2
38,927038,3
39,927039,2
40,927040,3
41,927041,3
42,927042,2
43,927043,2
44,927044,3
45,927045,2
46,927046,2
47,927047,2
48,927048,2
49,927049,2
50,927050,2
51,927051,2
52,927052,2
53,927053,2
54,927054,3
55,927055,2
56,927056,3
57,927057,3
58,927058,2
59,927059,2
60,927060,2
61,927061,2
62,927062,2
63,927063,2
64,927064,2
65,927065,2
66,927066,2
67,927067,2
68,927068,2
69,927069,1
70,927070,2
71,927071,2
72,927072,2
73,927073,2
74,927074,2
75,927075,3
76,927076,2
77,927077,3
78,927078,2
79,927079,2
80,927080,2
81,927081,2
82,927082,2
83,927083,2
84,927084,2
85,927085,2
86,927086,3
87,927087,3
88,927088,2
89,927089,2
90,927090,2
91,927091,2
92,927092,2
93,927093,2
94,927094,2
95,927095,2
96,927096,3
97,927097,2
98,927098,2
99,927099,2
100,927100,2
101,927101,2
102,927102,2
103,927103,2
104,927104,2
105,927105,2
106,927106,2
107,927107,2
108,927108,2
109,927109,2
110,927110,2
111,927111,2
112,927112,2
113,927113,2
114,927114,2
115,927115,2
116,927116,2
117,927117,2
118,927118,2
119,927119,2
120,927120,2
121,927121,2
122,927122,3
123,927123,2
124,927124,2
125,927125,2
126,927126,2
127,927127,2
128,927128,2
129,927129,2
130,927130,2
131,927131,2
132,927132,2
133,927133,2
134,927134,2
135,927135,2
136,927136,2
137,927137,2
138,927138,2
139,927139,2
140,927140,2
141,927141,2
142,927142,2
143,927143,2
144,927144,2
145,927145,2
146,927146,2
147,927147,2
148,927148,2
149,927149,2
150,927150,2
151,927151,2
152,927152,2
153,927153,2
154,927154,3
155,927155,2
156,927156,2
157,927157,2
158,927158,3
159,927159,2
160,927160,2
161,927161,2
162,927162,2
163,927163,2
164,927164,2
165,927165,2
166,927166,2
167,927167,2
168,927168,2
169,927169,2
170,927170,2
171,927171,2
172,927172,3
173,927173,2
174,927174,2
175,927175,3
176,927176,3
177,927177,2
178,927178,2
179,927179,2
180,927180,2
181,927181,2
182,927182,2
183,927183,2
184,927184,2
185,927185,2
186,927186,2
187,927187,2
188,927188,2
189,927189,2
190,927190,2
191,927191,3
192,927192,2
193,927193,2
194,927194,2
195,927195,3
196,927196,2
197,927197,3
198,927198,2
199,927199,2
200,927200,2
201,927201,2
202,927202,2
203,927203,2
204,927204,3
205,927205,3
206,927206,2
207,927207,3
208,927208,2
209,927209,3
210,927210,2
211,927211,2
212,927212,2
213,927213,2
214,927214,2
215,927215,2
216,927216,3
217,927217,2
218,927218,2
219,927219,2
220,927220,3
221,927221,3
222,927222,2
223,927223,3
224,927224,2
225,927225,2
226,927226,1
227,927227,2
228,927228,2
229,927229,2
230,927230,2
231,927231,2
232,927232,3
233,927233,2
234,927234,2
235,927235,2
236,927236,2
237,927237,2
238,927238,2
239,927239,2
240,927240,2
241,927241,3
242,927242,1
243,927243,2
244,927244,2
245,927245,2
246,927246,2
247,927247,2
248,927248,3
249,927249,2
250,927250,2
251,927251,2
252,927252,2
253,927253,3
254,927254,2
255,927255,3
256,927256,2
257,927257,3
258,927258,1
259,927259,2
260,927260,2
261,927261,2
262,927262,3
263,927263,2
264,927264,3
265,927265,3
266,927266,2
267,927267,2
268,927268,2
269,927269,2
270,927270,2
271,927271,2
272,927272,2
273,927273,3
274,927274,2
275,927275,2
276,927276,2
277,927277,2
278,927278,2
279,927279,2
280,927280,3
281,927281,2
282,927282,3
283,927283,2
284,927284,3
285,927285,2
286,927286,2
287,927287,2
288,927288,2
289,927289,2
290,927290,2
291,927291,2
292,927292,2
293,927293,2
294,927294,3
295,927295,2
296,927296,2
297,927297,2
298,927298,2
299,927299,2
300,927300,3
301,927301,3
302,927302,2
303,927303,3
304,927304,2
305,927305,2
306,927306,3
307,927307,2
308,927308,2
309,927309,2
310,927310,2
311,927311,2
312,927312,2
313,927313,2
314,927314,2
315,927315,2
316,927316,2
317,927317,2
318,927318,2
319,927319,2
320,927320,2
321,927321,2
322,927322,2
323,927323,2
324,927324,2
325,927325,3
326,927326,2
327,927327,2
328,927328,2
329,927329,2
330,927330,1
331,927331,2
332,927332,2
333,927333,2
334,927334,3
335,927335,2
336,927336,2
337,927337,2
338,927338,2
339,927339,2
340,927340,2
341,927341,2
342,927342,2
343,927343,2
344,927344,2
345,927345,2
346,927346,2
347,927347,2
348,927348,2
349,927349,2
350,927350,1
351,927351,2
352,927352,2
353,927353,2
354,927354,2
355,927355,3
356,927356,3
357,927357,2
358,927358,3
359,927359,2
360,927360,2
361,927361,2
362,927362,2
363,927363,2
364,927364,2
365,927365,2
366,927366,3
367,927367,2
368,927368,2
369,927369,2
370,927370,3
371,927371,2
372,927372,2
373,927373,2
374,927374,3
375,927375,2
376,927376,2
377,927377,2
378,927378,2
379,927379,2
380,927380,3
381,927381,2
382,927382,3
383,927383,2
384,927384,2
385,927385,2
386,927386,2
387,927387,2
388,927388,2
389,927389,2
390,927390,2
391,927391,2
392,927392,2
393,927393,2
394,927394,2
395,927395,3
396,927396,2
397,927397,3
398,927398,1
399,927399,2
400,927400,2
401,927401,3
402,927402,2
403,927403,3
404,927404,2
405,927405,3
406,927406,2
407,927407,3
408,927408,2
409,927409,3
410,927410,2
411,927411,3
412,927412,2
413,927413,2
414,927414,2
415,927415,2
416,927416,2
417,927417,2
418,927418,2
419,927419,2
420,927420,2
421,927421,3
422,927422,2
423,927423,2
424,927424,2
425,927425,2
426,927426,2
427,927427,2
428,927428,2
429,927429,3
430,927430,2
431,927431,2
432,927432,2
433,927433,3
434,927434,2
435,927435,2
436,927436,3
437,927437,2
438,927438,2
439,927439,3
440,927440,2
441,927441,2
442,927442,2
443,927443,2
444,927444,1
445,927445,3
446,927446,2
447,927447,3
448,927448,2
449,927449,2
450,927450,2
451,927451,2
452,927452,2
453,927453,2
454,927454,2
455,927455,2
456,927456,2
457,927457,2
458,927458,3
459,927459,2
460,927460,2
461,927461,3
462,927462,2
463,927463,3
464,927464,2
465,927465,2
466,927466,2
467,927467,2
468,927468,2
469,927469,2
470,927470,2
471,927471,2
472,927472,2
473,927473,2
474,927474,2
475,927475,2
476,927476,2
477,927477,2
478,927478,2
479,927479,3
480,927480,2
481,927481,2
482,927482,2
483,927483,2
484,927484,3
485,927485,2
486,927486,2
487,927487,2
488,927488,2
489,927489,2
490,927490,2
491,927491,2
492,927492,2
493,927493,2
494,927494,2
495,927495,2
496,927496,2
497,927497,3
498,927498,2
499,927499,2
500,927500,2
501,927501,2
502,927502,2
503,927503,2
504,927504,2
505,927505,2
506,927506,2
507,927507,2
508,927508,3
509,927509,2
510,927510,2
511,927511,3
512,927512,2
513,927513,2
514,927514,3
515,927515,2
516,927516,2
517,927517,2
518,927518,3
519,927519,2
520,927520,2
521,927521,3
522,927522,2
523,927523,2
524,927524,3
525,927525,2
526,927526,2
527,927527,2
528,927528,2
529,927529,2
530,927530,2
531,927531,2
532,927532,2
533,927533,3
534,927534,3
535,927535,2
536,927536,2
537,927537,2
538,927538,3
539,927539,3
540,927540,3
541,927541,2
542,927542,2
543,927543,2
544,927544,3
545,927545,2
546,927546,3
547,927547,2
548,927548,2
549,927549,3
550,927550,2
551,927551,2
552,927552,2
553,927553,2
554,927554,2
555,927555,3
556,927556,2
557,927557,2
558,927558,2
559,927559,2
560,927560,2
561,927561,2
562,927562,3
563,927563,3
564,927564,3
565,927565,3
566,927566,3
567,927567,2
568,927568,3
569,927569,2
570,927570,2
571,927571,2
572,927572,2
573,927573,2
574,927574,2
575,927575,2
576,927576,2
577,927577,2
578,927578,2
579,927579,3
580,927580,2
581,927581,2
582,927582,3
583,927583,2
584,927584,2
585,927585,2
586,927586,2
587,927587,3
588,927588,3
589,927589,3
590,927590,3
591,927591,2
592,927592,2
593,927593,2
594,927594,2
595,927595,3
596,927596,2
597,927597,2
598,927598,2
599,927599,3
600,927600,2
601,927601,2
602,927602,2
603,927603,2
604,927604,2
605,927605,2
606,927606,3
607,927607,2
608,927608,2
609,927609,2
610,927610,2
611,927611,2
612,927612,2
613,927613,2
614,927614,3
615,927615,2
616,927616,2
617,927617,2
618,927618,2
619,927619,2
620,927620,2
621,927621,2
622,927622,3
623,927623,2
624,927624,2
625,927625,2
626,927626,2
627,927627,2
628,927628,2
629,927629,2
630,927630,2
631,927631,2
632,927632,2
633,927633,2
634,927634,2
635,927635,2
636,927636,2
637,927637,3
638,927638,2
639,927639,2
640,927640,1
641,927641,2
642,927642,2
643,927643,3
644,927644,2
645,927645,2
646,927646,2
647,927647,2
648,927648,2
649,927649,2
650,927650,2
651,927651,3
652,927652,2
653,927653,2
654,927654,2
655,927655,2
656,927656,2
657,927657,2
658,927658,2
659,927659,2
660,927660,2
661,927661,2
662,927662,2
663,927663,2
664,927664,2
665,927665,2
666,927666,2
667,927667,2
668,927668,2
669,927669,3
670,927670,2
671,927671,2
672,927672,2
673,927673,2
674,927674,2
675,927675,3
676,927676,2
677,927677,2
678,927678,2
679,927679,2
680,927680,2
681,927681,2
682,927682,1
683,927683,2
684,927684,2
685,927685,2
686,927686,3
687,927687,2
688,927688,2
689,927689,2
690,927690,2
691,927691,2
692,927692,2
693,927693,2
694,927694,2
695,927695,1
696,927696,2
697,927697,2
698,927698,2
699,927699,2
700,927700,2
701,927701,2
702,927702,2
703,927703,2
704,927704,2
705,927705,2
706,927706,2
707,927707,2
708,927708,2
709,927709,3
710,927710,2
711,927711,2
712,927712,2
713,927713,2
714,927714,2
715,927715,2
716,927716,2
717,927717,2
718,927718,2
719,927719,2
720,927720,2
721,927721,2
722,927722,2
723,927723,2
724,927724,2
725,927725,2
726,927726,2
727,927727,2
728,927728,2
729,927729,2
730,927730,2
731,927731,2
732,927732,2
733,927733,2
734,927734,2
735,927735,2
736,927736,2
737,927737,2
738,927738,2
739,927739,2
740,927740,2
741,927741,2
742,927742,2
743,927743,2
744,927744,2
745,927745,2
746,927746,2
747,927747,3
748,927748,3
749,927749,2
750,927750,2
751,927751,2
752,927752,3
753,927753,2
754,927754,2
755,927755,3
756,927756,3
757,927757,2
758,927758,2
759,927759,3
760,927760,2
761,927761,2
762,927762,2
763,927763,2
764,927764,2
765,927765,2
766,927766,2
767,927767,2
768,927768,2
769,927769,2
770,927770,2
771,927771,2
772,927772,2
773,927773,2
774,927774,2
775,927775,3
776,927776,2
777,927777,2
778,927778,2
779,927779,2
780,927780,2
781,927781,2
782,927782,2
783,927783,2
784,927784,2
785,927785,2
786,927786,2
787,927787,2
788,927788,2
789,927789,2
790,927790,2
791,927791,3
792,927792,3
793,927793,3
794,927794,2
795,927795,2
796,927796,3
797,927797,2
798,927798,3
799,927799,2
800,927800,3
801,927801,3
802,927802,2
803,927803,3
804,927804,3
805,927805,3
806,927806,3
807,927807,2
808,927808,2
809,927809,3
810,927810,2
811,927811,3
812,927812,3
813,927813,2
814,927814,2
815,927815,3
816,927816,2
817,927817,2
818,927818,2
819,927819,2
820,927820,2
821,927821,3
822,927822,3
823,927823,2
824,927824,3
825,927825,3
826,927826,2
827,927827,2
828,927828,2
829,927829,2
830,927830,2
831,927831,3
832,927832,2
833,927833,2
834,927834,2
835,927835,3
836,927836,2
837,927837,2
838,927838,3
839,927839,2
840,927840,2
841,927841,2
842,927842,3
843,927843,2
844,927844,2
845,927845,3
846,927846,2
847,927847,2
848,927848,2
849,927849,2
850,927850,2
851,927851,2
852,927852,2
853,927853,2
854,927854,2
855,927855,2
856,927856,2
857,927857,2
858,927858,2
859,927859,2
860,927860,2
861,927861,3
862,927862,2
863,927863,2
864,927864,2
865,927865,3
866,927866,2
867,927867,3
868,927868,2
869,927869,2
870,927870,2
871,927871,3
872,927872,3
873,927873,2
874,927874,2
875,927875,2
876,927876,2
877,927877,3
878,927878,2
879,927879,3
880,927880,2
881,927881,2
882,927882,2
883,927883,2
884,927884,2
885,927885,2
886,927886,2
887,927887,2
888,927888,3
889,927889,2
890,927890,2
891,927891,2
892,927892,2
893,927893,2
894,927894,2
895,927895,1
896,927896,2
897,927897,2
898,927898,2
899,927899,2
900,927900,2
901,927901,2
902,927902,2
903,927903,2
904,927904,3
905,927905,3
906,927906,2
907,927907,3
908,927908,2
909,927909,2
910,927910,2
911,927911,2
912,927912,2
913,927913,2
914,927914,2
915,927915,2
916,927916,2
917,927917,2
918,927918,2
919,927919,2
920,927920,2
921,927921,2
922,927922,2
923,927923,2
924,927924,1
925,927925,2
926,927926,2
927,927927,2
928,927928,2
929,927929,2
930,927930,2
931,927931,2
932,927932,3
933,927933,2
934,927934,2
935,927935,2
936,927936,2
937,927937,2
938,927938,2
939,927939,2
940,927940,2
941,927941,3
942,927942,3
943,927943,2
944,927944,2
945,927945,2
946,927946,2
947,927947,2
948,927948,3
949,927949,2
950,927950,2
951,927951,3
952,927952,2
953,927953,3
954,927954,3
955,927955,2
956,927956,3
957,927957,3
958,927958,3
959,927959,189
960,927960,198
961,927961,402
962,927962,124
963,927963,3
964,927964,3
965,927965,3
966,927966,3
967,927967,4
968,927968,3
969,927969,3
970,927970,3
971,927971,3
972,927972,3
973,927973,75
974,927974,37
975,927975,37
976,927976,37
977,927977,37
978,927978,37
979,927979,37
980,927980,36
981,927981,37
982,927982,36
983,927983,36
984,927984,3
985,927985,108
986,927986,58
987,927987,47
988,927988,25
989,927989,31
990,927990,58
991,927991,66
992,927992,6
993,927993,9
994,927994,17
995,927995,26
996,927996,41
997,927997,44
998,927998,9
999,927999,9
1000,928000,9
1001,928001,8
1002,928002,9
1003,928003,9
1004,928004,10
1005,928005,155
1006,928006,67
1007,928007,78
1008,928008,66
1009,928009,98
1010,928010,114
1011,928011,153
1012,928012,105
1013,928013,50
1014,928014,86
1015,928015,101
1016,928016,115
1017,928017,117
1018,928018,9
1019,928019,8
1020,928020,9
1021,928021,9
1022,928022,223
1023,928023,116
1024,928024,100
1025,928025,92
1026,928026,133
1027,928027,64
1028,928028,76
1029,928029,73
1030,928030,63
1031,928031,111
1032,928032,54
1033,928033,45
1034,928034,52
1035,928035,9
1036,928036,9
1037,928037,9
1038,928038,9
1039,928039,9
1040,928040,8
1041,928041,9
1042,928042,179
1043,928043,410
1044,928044,204
1045,928045,241
1046,928046,148
1047,928047,154
1048,928048,6
1049,928049,6
1050,928050,6
1051,928051,13
1052,928052,71
1053,928053,220
1054,928054,182
1055,928055,166
1056,928056,176
1057,928057,44
1058,928058,9
1059,928059,8
1060,928060,9
1061,928061,9
1062,928062,9
1063,928063,73
1064,928064,201
1065,928065,68
1066,928066,177
1067,928067,27
1068,928068,45
1069,928069,35
1070,928070,178
1071,928071,196
1072,928072,43
1073,928073,38
1074,928074,10
1075,928075,72
1076,928076,53
1077,928077,9
1078,928078,3
1079,928079,3
1080,928080,3
1081,928081,3
1082,928082,262
1083,928083,168
1084,928084,119
1085,928085,206
1086,928086,123
1087,928087,12
1088,928088,24
1089,928089,128
1090,928090,170
1091,928091,216
1092,928092,251
1093,928093,144
1094,928094,139
1095,928095,4
1096,928096,3
1097,928097,3
1098,928098,3
1099,928099,3
1100,928100,4
1101,928101,3
1102,928102,135
1103,928103,132
1104,928104,99
1105,928105,144
1106,928106,158
1107,928107,133
1108,928108,97
1109,928109,68
1110,928110,81
1111,928111,125
1112,928112,88
1113,928113,140
1114,928114,169
1115,928115,3
1116,928116,3
1117,928117,3
1118,928118,3
1119,928119,3
1120,928120,3
1121,928121,59
1122,928122,186
1123,928123,185
1124,928124,312
1125,928125,171
1126,928126,107
1127,928127,115
1128,928128,92
1129,928129,131
1130,928130,128
1131,928131,1
1132,928132,1
1133,928133,53
1134,928134,88
1135,928135,136
1136,928136,120
1137,928137,80
1138,928138,3
1139,928139,4
1140,928140,3
1141,928141,3
1142,928142,3
1143,928143,3
1144,928144,209
1145,928145,187
1146,928146,239
1147,928147,99
1148,928148,98
1149,928149,72
1150,928150,120
1151,928151,62
1152,928152,27
1153,928153,4
1154,928154,34
1155,928155,45
1156,928156,31
1157,928157,4
1158,928158,3
1159,928159,3
1160,928160,3
1161,928161,3
1162,928162,3
1163,928163,3
1164,928164,162
1165,928165,193
1166,928166,75
1167,928167,73
1168,928168,116
1169,928169,99
1170,928170,78
1171,928171,83
1172,928172,26
1173,928173,38
1174,928174,139
1175,928175,191
1176,928176,66
1177,928177,4
1178,928178,3
1179,928179,4
1180,928180,3
1181,928181,3
1182,928182,3
1183,928183,69
1184,928184,255
1185,928185,32
1186,928186,77
1187,928187,128
1188,928188,25
1189,928189,180
1190,928190,190
1191,928191,106
1192,928192,26
1193,928193,59
1194,928194,61
1195,928195,79
1196,928196,147
1197,928197,3
1198,928198,4
1199,928199,3
1200,928200,3
1201,928201,4
1202,928202,3
1203,928203,204
1204,928204,186
1205,928205,155
1206,928206,138
1207,928207,290
1208,928208,108
1209,928209,83
1210,928210,122
1211,928211,125
1212,928212,77
1213,928213,46
1214,928214,84
1215,928215,119
1216,928216,3
1217,928217,3
1218,928218,3
1219,928219,4
1220,928220,3
1221,928221,3
1222,928222,6
1223,928223,179
1224,928224,132
1225,928225,101
1226,928226,85
1227,928227,18
1228,928228,130
1229,928229,142
1230,928230,127
1231,928231,142
1232,928232,53
1233,928233,80
1234,928234,127
1235,928235,150
1236,928236,3
1237,928237,4
1238,928238,3
1239,928239,4
1240,928240,3
1241,928241,3
1242,928242,152
1243,928243,162
1244,928244,106
1245,928245,113
1246,928246,295
1247,928247,106
1248,928248,24
1249,928249,77
1250,928250,116
1251,928251,167
1252,928252,42
1253,928253,80
1254,928254,133
1255,928255,4
1256,928256,3
1257,928257,3
1258,928258,3
1259,928259,3
1260,928260,3
1261,928261,3
1262,928262,217
1263,928263,129
1264,928264,106
1265,928265,104
1266,928266,76
1267,928267,87
1268,928268,50
1269,928269,85
1270,928270,30
1271,928271,93
1272,928272,170
1273,928273,99
1274,928274,46
1275,928275,3
1276,928276,3
1277,928277,3
1278,928278,3
1279,928279,3
1280,928280,3
1281,928281,209
1282,928282,363
1283,928283,302
1284,928284,257
1285,928285,118
1286,928286,95
1287,928287,101
1288,928288,78
1289,928289,8
1290,928290,1
1291,928291,12
1292,928292,68
1293,928293,141
1294,928294,3
1295,928295,3
1296,928296,3
1297,928297,3
1298,928298,3
1299,928299,4
1300,928300,4
1301,928301,159
1302,928302,174
1303,928303,208
1304,928304,41
1305,928305,14
1306,928306,113
1307,928307,163
1308,928308,189
1309,928309,97
1310,928310,115
1311,928311,181
1312,928312,170
1313,928313,41
1314,928314,3
1315,928315,3
1316,928316,3
1317,928317,3
1318,928318,3
1319,928319,3
1320,928320,254
1321,928321,158
1322,928322,189
1323,928323,192
1324,928324,132
1325,928325,11
1326,928326,145
1327,928327,85
1328,928328,89
1329,928329,77
1330,928330,105
1331,928331,164
1332,928332,147
1333,928333,4
1334,928334,3
1335,928335,3
1336,928336,3
1337,928337,3
1338,928338,3
1339,928339,3
1340,928340,124
1341,928341,117
1342,928342,71
1343,928343,34
1344,928344,93
1345,928345,64
1346,928346,173
1347,928347,18
1348,928348,1
1349,928349,5
1350,928350,79
1351,928351,92
1352,928352,65
1353,928353,3
1354,928354,3
1355,928355,3
1356,928356,3
1357,928357,3
1358,928358,3
1359,928359,522
1360,928360,223
1361,928361,129
1362,928362,191
1363,928363,135
1364,928364,148
1365,928365,87
1366,928366,5
1367,928367,47
1368,928368,180
1369,928369,166
1370,928370,64
1371,928371,55
1372,928372,111
1373,928373,3
1374,928374,3
1375,928375,4
1376,928376,3
1377,928377,3
1378,928378,3
1379,928379,187
1380,928380,103
1381,928381,69
1382,928382,199
1383,928383,246
1384,928384,1
1385,928385,1
1386,928386,1
1387,928387,27
1388,928388,49
1389,928389,27
1390,928390,103
1391,928391,112
1392,928392,3
1393,928393,3
1394,928394,3
1395,928395,4
1396,928396,3
1397,928397,3
1398,928398,66
1399,928399,262
1400,928400,145
1401,928401,165
1402,928402,6
1403,928403,33
1404,928404,40
1405,928405,3
1406,928406,1
1407,928407,4
1408,928408,16
1409,928409,83
1410,928410,143
1411,928411,225
1412,928412,3
1413,928413,3
1414,928414,3
1415,928415,3
1416,928416,3
1417,928417,3
1418,928418,180
1419,928419,168
1420,928420,167
1421,928421,179
1422,928422,148
1423,928423,28
1424,928424,85
1425,928425,118
1426,928426,170
1427,928427,1
1428,928428,23
1429,928429,22
1430,928430,63
1431,928431,3
1432,928432,3
1433,928433,3
1434,928434,3
1435,928435,3
1436,928436,3
1437,928437,3
1438,928438,188
1439,928439,188
1440,928440,314
1441,928441,147
1442,928442,293
1443,928443,68
1444,928444,131
1445,928445,89
1446,928446,33
1447,928447,12
1448,928448,83
1449,928449,60
1450,928450,182
1451,928451,1
1452,928452,86
1453,928453,152
1454,928454,3
1455,928455,3
1456,928456,3
1457,928457,3
1458,928458,3
1459,928459,3
1460,928460,156
1461,928461,143
1462,928462,216
1463,928463,123
1464,928464,51
1465,928465,2
1466,928466,29
1467,928467,86
1468,928468,59
1469,928469,94
1470,928470,42
1471,928471,129
1472,928472,169
1473,928473,97
1474,928474,3
1475,928475,3
1476,928476,4
1477,928477,3
1478,928478,3
1479,928479,3
1480,928480,166
1481,928481,116
1482,928482,247
1483,928483,143
1484,928484,92
1485,928485,112
1486,928486,119
1487,928487,139
1488,928488,1
1489,928489,1
1490,928490,1
1491,928491,1
1492,928492,1
1493,928493,3
1494,928494,3
1495,928495,3
1496,928496,3
1497,928497,3
1498,928498,3
1499,928499,145
1500,928500,119
1501,928501,208
1502,928502,161
1503,928503,37
1504,928504,192
1505,928505,171
1506,928506,178
1507,928507,66
1508,928508,75
1509,928509,101
1510,928510,99
1511,928511,47
1512,928512,11
1513,928513,3
1514,928514,3
1515,928515,3
1516,928516,4
1517,928517,3
1518,928518,3
1519,928519,177
1520,928520,135
1521,928521,175
1522,928522,135
1523,928523,29
1524,928524,72
1525,928525,152
1526,928526,173
1527,928527,67
1528,928528,130
1529,928529,95
1530,928530,90
1531,928531,126
1532,928532,3
1533,928533,3
1534,928534,3
1535,928535,3
1536,928536,3
1537,928537,3
1538,928538,4
1539,928539,180
1540,928540,244
1541,928541,165
1542,928542,141
1543,928543,128
1544,928544,84
1545,928545,6
1546,928546,4
1547,928547,3
1548,928548,25
1549,928549,63
1550,928550,56
1551,928551,65
1552,928552,3
1553,928553,3
1554,928554,3
1555,928555,3
1556,928556,203
1557,928557,192
1558,928558,194
1559,928559,187
1560,928560,37
1561,928561,7
1562,928562,20
1563,928563,1
1564,928564,2
1565,928565,37
1566,928566,28
1567,928567,14
1568,928568,9
1569,928569,3
1570,928570,3
1571,928571,3
1572,928572,3
1573,928573,3
1574,928574,3
1575,928575,3
1576,928576,167
1577,928577,179
1578,928578,147
1579,928579,225
1580,928580,98
1581,928581,21
1582,928582,135
1583,928583,139
1584,928584,75
1585,928585,8
1586,928586,54
1587,928587,98
1588,928588,87
1589,928589,3
1590,928590,3
1591,928591,3
1592,928592,3
1593,928593,3
1594,928594,3
1595,928595,66
1596,928596,91
1597,928597,78
1598,928598,194
1599,928599,118
1600,928600,119
1601,928601,141
1602,928602,152
1603,928603,177
1604,928604,191
1605,928605,61
1606,928606,148
1607,928607,199
1608,928608,220
1609,928609,3
1610,928610,3
1611,928611,3
1612,928612,4
1613,928613,3
1614,928614,3
1615,928615,219
1616,928616,172
1617,928617,236
1618,928618,211
1619,928619,160
1620,928620,179
1621,928621,90
1622,928622,65
1623,928623,46
1624,928624,83
1625,928625,106
1626,928626,133
1627,928627,152
1628,928628,3
1629,928629,3
1630,928630,3
1631,928631,3
1632,928632,4
1633,928633,3
1634,928634,5
1635,928635,178
1636,928636,107
1637,928637,208
1638,928638,123
1639,928639,50
1640,928640,60
1641,928641,134
1642,928642,68
1643,928643,45
1644,928644,67
1645,928645,100
1646,928646,69
1647,928647,59
1648,928648,3
1649,928649,3
1650,928650,3
1651,928651,3
1652,928652,3
1653,928653,181
1654,928654,215
1655,928655,112
1656,928656,80
1657,928657,239
1658,928658,216
1659,928659,136
1660,928660,70
1661,928661,144
1662,928662,154
1663,928663,272
1664,928664,136
1665,928665,125
1666,928666,3
1667,928667,4
1668,928668,3
1669,928669,3
1670,928670,3
1671,928671,3
1672,928672,128
1673,928673,239
1674,928674,168
1675,928675,38
1676,928676,89
1677,928677,70
1678,928678,61
1679,928679,92
1680,928680,66
1681,928681,66
1682,928682,69
1683,928683,28
1684,928684,51
1685,928685,69
1686,928686,3
1687,928687,3
1688,928688,3
1689,928689,3
1690,928690,3
1691,928691,3
1692,928692,175
1693,928693,129
1694,928694,133
1695,928695,176
1696,928696,3
1697,928697,1
1698,928698,5
1699,928699,67
1700,928700,100
1701,928701,38
1702,928702,66
1703,928703,120
1704,928704,67
1705,928705,4
1706,928706,3
1707,928707,3
1708,928708,3
1709,928709,3
1710,928710,3
1711,928711,3
1712,928712,171
1713,928713,276
1714,928714,87
1715,928715,119
1716,928716,141
1717,928717,53
1718,928718,45
1719,928719,123
1720,928720,245
1721,928721,253
1722,928722,115
1723,928723,64
1724,928724,23
1725,928725,3
1726,928726,3
1727,928727,3
1728,928728,3
1729,928729,3
1730,928730,3
1731,928731,437
1732,928732,315
1733,928733,221
1734,928734,105
1735,928735,183
1736,928736,91
1737,928737,2
1738,928738,20
1739,928739,40
1740,928740,78
1741,928741,80
1742,928742,37
1743,928743,66
1744,928744,3
1745,928745,3
1746,928746,3
1747,928747,3
1748,928748,3
1749,928749,3
1750,928750,3
1751,928751,184
1752,928752,177
1753,928753,416
1754,928754,50
1755,928755,197
1756,928756,110
1757,928757,55
1758,928758,79
1759,928759,142
1760,928760,130
1761,928761,173
1762,928762,19
1763,928763,66
1764,928764,77
1765,928765,57
1766,928766,1
1767,928767,8
1768,928768,3
1769,928769,3
1770,928770,3
1771,928771,3
1772,928772,4
1773,928773,133
1774,928774,87
1775,928775,157
1776,928776,113
1777,928777,119
1778,928778,126
1779,928779,175
1780,928780,177
1781,928781,158
1782,928782,93
1783,928783,81
1784,928784,140
1785,928785,158
1786,928786,3
1787,928787,3
1788,928788,3
1789,928789,3
1790,928790,3
1791,928791,3
1792,928792,14
1793,928793,232
1794,928794,198
1795,928795,125
1796,928796,97
1797,928797,124
1798,928798,1
1799,928799,2
1800,928800,196
1801,928801,61
1802,928802,52
1803,928803,1
1804,928804,29
1805,928805,118
1806,928806,3
1807,928807,3
1808,928808,3
1809,928809,3
1810,928810,3
1811,928811,69
1812,928812,130
1813,928813,234
1814,928814,205
1815,928815,122
1816,928816,103
1817,928817,23
1818,928818,21
1819,928819,1
1820,928820,49
1821,928821,25
1822,928822,38
1823,928823,3
1824,928824,1
1825,928825,3
1826,928826,4
1827,928827,3
1828,928828,3
1829,928829,4
1830,928830,3
1831,928831,76
1832,928832,189
1833,928833,4
1834,928834,9
1835,928835,62
1836,928836,43
1837,928837,1
1838,928838,1
1839,928839,35
1840,928840,145
1841,928841,192
1842,928842,219
1843,928843,226
1844,928844,1
1845,928845,3
1846,928846,3
1847,928847,3
1848,928848,3
1849,928849,4
1850,928850,171
1851,928851,144
1852,928852,241
1853,928853,131
1854,928854,130
1855,928855,234
1856,928856,184
1857,928857,189
1858,928858,1
1859,928859,1
1860,928860,1
1861,928861,18
1862,928862,1
1863,928863,2
1864,928864,3
1865,928865,3
1866,928866,3
1867,928867,3
1868,928868,3
1869,928869,3
1870,928870,167
1871,928871,154
1872,928872,196
1873,928873,91
1874,928874,58
1875,928875,59
1876,928876,36
1877,928877,20
1878,928878,145
1879,928879,195
1880,928880,111
1881,928881,71
1882,928882,179
1883,928883,3
1884,928884,3
1885,928885,3
1886,928886,3
1887,928887,4
1888,928888,3
1889,928889,272
1890,928890,197
1891,928891,251
1892,928892,152
1893,928893,90
1894,928894,54
1895,928895,81
1896,928896,103
1897,928897,101
1898,928898,24
1899,928899,84
1900,928900,49
1901,928901,51
1902,928902,4
1903,928903,3
1904,928904,3
1905,928905,3
1906,928906,3
1907,928907,3
1908,928908,4
1909,928909,173
1910,928910,250
1911,928911,253
1912,928912,310
1913,928913,181
1914,928914,92
1915,928915,101
1916,928916,197
1917,928917,117
1918,928918,26
1919,928919,125
1920,928920,150
1921,928921,101
1922,928922,3
1923,928923,3
1924,928924,3
1925,928925,3
1926,928926,3
1927,928927,4
1928,928928,90
1929,928929,142
1930,928930,271
1931,928931,225
1932,928932,169
1933,928933,198
1934,928934,123
1935,928935,123
1936,928936,99
1937,928937,123
1938,928938,152
1939,928939,90
1940,928940,137
1941,928941,45
1942,928942,3
1943,928943,3
1944,928944,3
1945,928945,3
1946,928946,3
1947,928947,3
1948,928948,125
1949,928949,188
1950,928950,208
1951,928951,164
1952,928952,67
1953,928953,52
1954,928954,90
1955,928955,59
1956,928956,260
1957,928957,290
1958,928958,237
1959,928959,154
1960,928960,164
1961,928961,1
1962,928962,3
1963,928963,3
1964,928964,3
1965,928965,3
1966,928966,3
1967,928967,237
1968,928968,184
1969,928969,191
1970,928970,160
1971,928971,115
1972,928972,175
1973,928973,113
1974,928974,106
1975,928975,162
1976,928976,167
1977,928977,149
1978,928978,188
1979,928979,185
1980,928980,3
1981,928981,3
1982,928982,3
1983,928983,3
1984,928984,4
1985,928985,3
1986,928986,3
1987,928987,102
1988,928988,205
1989,928989,1
1990,928990,1
1991,928991,1
1992,928992,1
1993,928993,3
1994,928994,1
1995,928995,1
1996,928996,3
1997,928997,90
1998,928998,98
1999,928999,151
2000,929000,3
2001,929001,3
2002,929002,3
2003,929003,3
2004,929004,3
2005,929005,3
2006,929006,160
2007,929007,174
2008,929008,310
2009,929009,172
2010,929010,150
2011,929011,180
2012,929012,273
2013,929013,256
2014,929014,128
2015,929015,79
2016,929016,42
2017,929017,110
2018,929018,104
2019,929019,136
2020,929020,3
2021,929021,3
2022,929022,3
2023,929023,3
2024,929024,4
2025,929025,3
2026,929026,190
2027,929027,144
2028,929028,189
2029,929029,49
2030,929030,50
2031,929031,3
2032,929032,64
2033,929033,149
2034,929034,89
2035,929035,51
2036,929036,62
2037,929037,14
2038,929038,40
2039,929039,3
2040,929040,3
2041,929041,3
2042,929042,3
2043,929043,3
2044,929044,3
2045,929045,20
2046,929046,163
2047,929047,159
2048,929048,280
2049,929049,104
2050,929050,54
2051,929051,93
2052,929052,97
2053,929053,112
2054,929054,178
2055,929055,189
2056,929056,152
2057,929057,117
2058,929058,119
2059,929059,3
2060,929060,3
2061,929061,3
2062,929062,3
2063,929063,3
2064,929064,3
2065,929065,179
2066,929066,361
2067,929067,54
2068,929068,137
2069,929069,262
2070,929070,63
2071,929071,154
2072,929072,177
2073,929073,172
2074,929074,69
2075,929075,121
2076,929076,91
2077,929077,97
2078,929078,1
2079,929079,37
2080,929080,99
2081,929081,3
2082,929082,3
2083,929083,3
2084,929084,4
2085,929085,3
2086,929086,3
2087,929087,457
2088,929088,267
2089,929089,235
2090,929090,109
2091,929091,1
2092,929092,1
2093,929093,1
2094,929094,64
2095,929095,62
2096,929096,125
2097,929097,72
2098,929098,136
2099,929099,1
2100,929100,1
2101,929101,3
2102,929102,3
2103,929103,3
2104,929104,3
2105,929105,4
2106,929106,3
2107,929107,175
2108,929108,112
2109,929109,96
2110,929110,146
2111,929111,112
2112,929112,152
2113,929113,129
2114,929114,85
2115,929115,33
2116,929116,5
2117,929117,1
2118,929118,21
2119,929119,74
2120,929120,3
2121,929121,3
2122,929122,3
2123,929123,3
2124,929124,3
2125,929125,3
2126,929126,70
2127,929127,264
2128,929128,78
2129,929129,36
2130,929130,75
2131,929131,49
2132,929132,10
2133,929133,4
2134,929134,46
2135,929135,61
2136,929136,40
2137,929137,55
2138,929138,29
2139,929139,34
2140,929140,3
2141,929141,3
2142,929142,3
2143,929143,3
2144,929144,3
2145,929145,3
2146,929146,196
2147,929147,223
2148,929148,175
2149,929149,225
2150,929150,89
2151,929151,106
2152,929152,131
2153,929153,282
2154,929154,127
2155,929155,44
2156,929156,145
2157,929157,112
2158,929158,1
2159,929159,3
2160,929160,3
2161,929161,3
2162,929162,3
2163,929163,3
2164,929164,3
2165,929165,3
2166,929166,192
2167,929167,132
2168,929168,121
2169,929169,183
2170,929170,134
2171,929171,102
2172,929172,76
2173,929173,153
2174,929174,174
2175,929175,120
2176,929176,77
2177,929177,139
2178,929178,183
2179,929179,3
2180,929180,3
2181,929181,3
2182,929182,3
2183,929183,3
2184,929184,4
2185,929185,71
2186,929186,170
2187,929187,325
2188,929188,88
2189,929189,87
2190,929190,128
2191,929191,236
2192,929192,273
2193,929193,182
2194,929194,99
2195,929195,28
2196,929196,17
2197,929197,7
2198,929198,1
2199,929199,1
2200,929200,3
2201,929201,4
2202,929202,3
2203,929203,3
2204,929204,3
2205,929205,195
2206,929206,171
2207,929207,139
2208,929208,278
2209,929209,167
2210,929210,158
2211,929211,214
2212,929212,183
2213,929213,230
2214,929214,114
2215,929215,91
2216,929216,139
2217,929217,231
2218,929218,1
2219,929219,3
2220,929220,3
2221,929221,3
2222,929222,3
2223,929223,3
2224,929224,15
2225,929225,173
2226,929226,130
2227,929227,206
2228,929228,159
2229,929229,70
2230,929230,63
2231,929231,1
2232,929232,2
2233,929233,3
2234,929234,41
2235,929235,89
2236,929236,1
2237,929237,28
2238,929238,3
2239,929239,3
2240,929240,3
2241,929241,3
2242,929242,3
2243,929243,3
2244,929244,184
2245,929245,218
2246,929246,226
2247,929247,109
2248,929248,182
2249,929249,63
2250,929250,40
2251,929251,90
2252,929252,78
2253,929253,60
2254,929254,57
2255,929255,64
2256,929256,53
2257,929257,2
2258,929258,3
2259,929259,3
2260,929260,3
2261,929261,3
2262,929262,3
2263,929263,3
2264,929264,130
2265,929265,188
2266,929266,264
2267,929267,130
2268,929268,262
2269,929269,229
2270,929270,88
2271,929271,1
2272,929272,1
2273,929273,1
2274,929274,50
2275,929275,2
2276,929276,17
2277,929277,3
2278,929278,3
2279,929279,4
2280,929280,3
2281,929281,3
2282,929282,3
2283,929283,129
2284,929284,232
2285,929285,107
2286,929286,122
2287,929287,50
2288,929288,104
2289,929289,23
2290,929290,69
2291,929291,148
2292,929292,183
2293,929293,141
2294,929294,137
2295,929295,166
2296,929296,101
2297,929297,3
2298,929298,3
2299,929299,3
2300,929300,3
2301,929301,3
2302,929302,3
2303,929303,129
2304,929304,122
2305,929305,120
2306,929306,246
2307,929307,227
2308,929308,186
2309,929309,61
2310,929310,138
2311,929311,108
2312,929312,88
2313,929313,88
2314,929314,1
2315,929315,6
2316,929316,3
2317,929317,3
2318,929318,3
2319,929319,3
2320,929320,3
2321,929321,3
2322,929322,171
2323,929323,103
2324,929324,160
2325,929325,175
2326,929326,1
2327,929327,1
2328,929328,2
2329,929329,24
2330,929330,72
2331,929331,88
2332,929332,50
2333,929333,129
2334,929334,150
2335,929335,1
2336,929336,3
2337,929337,3
2338,929338,3
2339,929339,3
2340,929340,3
2341,929341,4
2342,929342,210
2343,929343,93
2344,929344,284
2345,929345,131
2346,929346,1
2347,929347,1
2348,929348,62
2349,929349,109
2350,929350,11
2351,929351,1
2352,929352,47
2353,929353,42
2354,929354,19
2355,929355,3
2356,929356,3
2357,929357,4
2358,929358,3
2359,929359,3
2360,929360,3
2361,929361,172
2362,929362,182
2363,929363,143
2364,929364,74
2365,929365,151
2366,929366,200
2367,929367,47
2368,929368,52
2369,929369,112
2370,929370,228
2371,929371,141
2372,929372,41
2373,929373,60
2374,929374,3
2375,929375,4
2376,929376,3
2377,929377,3
2378,929378,3
2379,929379,3
2380,929380,3
2381,929381,181
2382,929382,180
2383,929383,415
2384,929384,178
2385,929385,155
2386,929386,230
2387,929387,62
2388,929388,16
2389,929389,74
2390,929390,138
2391,929391,170
2392,929392,111
2393,929393,59
2394,929394,93
2395,929395,123
2396,929396,208
2397,929397,3
2398,929398,3
2399,929399,4
2400,929400,4
2401,929401,3
2402,929402,4
2403,929403,4
2404,929404,153
2405,929405,237
2406,929406,95
2407,929407,55
2408,929408,150
2409,929409,25
2410,929410,80
2411,929411,131
2412,929412,149
2413,929413,80
2414,929414,112
2415,929415,91
2416,929416,166
2417,929417,4
2418,929418,3
2419,929419,3
2420,929420,4
2421,929421,3
2422,929422,4
2423,929423,163
2424,929424,314
2425,929425,245
2426,929426,90
2427,929427,200
2428,929428,25
2429,929429,97
2430,929430,179
2431,929431,147
2432,929432,90
2433,929433,131
2434,929434,174
2435,929435,117
2436,929436,85
2437,929437,3
2438,929438,4
2439,929439,3
2440,929440,3
2441,929441,3
2442,929442,3
2443,929443,137
2444,929444,299
2445,929445,197
2446,929446,117
2447,929447,118
2448,929448,35
2449,929449,40
2450,929450,64
2451,929451,144
2452,929452,84
2453,929453,42
2454,929454,40
2455,929455,59
2456,929456,3
2457,929457,3
2458,929458,3
2459,929459,3
2460,929460,3
2461,929461,3
2462,929462,46
2463,929463,184
2464,929464,152
2465,929465,90
2466,929466,91
2467,929467,127
2468,929468,62
2469,929469,58
2470,929470,50
2471,929471,65
2472,929472,28
2473,929473,47
2474,929474,27
2475,929475,87
2476,929476,4
2477,929477,3
2478,929478,3
2479,929479,3
2480,929480,3
2481,929481,3
2482,929482,229
2483,929483,164
2484,929484,163
2485,929485,134
2486,929486,52
2487,929487,91
2488,929488,144
2489,929489,76
2490,929490,46
2491,929491,59
2492,929492,140
2493,929493,246
2494,929494,185
2495,929495,3
2496,929496,3
2497,929497,3
2498,929498,3
2499,929499,3
2500,929500,3
2501,929501,12
2502,929502,218
2503,929503,171
2504,929504,113
2505,929505,139
2506,929506,163
2507,929507,151
2508,929508,110
2509,929509,40
2510,929510,56
2511,929511,115
2512,929512,43
2513,929513,14
2514,929514,31
2515,929515,3
2516,929516,3
2517,929517,3
2518,929518,3
2519,929519,3
2520,929520,3
2521,929521,241
2522,929522,140
2523,929523,217
2524,929524,69
2525,929525,48
2526,929526,84
2527,929527,88
2528,929528,192
2529,929529,206
2530,929530,1
2531,929531,1
2532,929532,1
2533,929533,30
2534,929534,3
2535,929535,3
2536,929536,3
2537,929537,3
2538,929538,4
2539,929539,3
2540,929540,3
2541,929541,181
2542,929542,130
2543,929543,26
2544,929544,171
2545,929545,141
2546,929546,182
2547,929547,67
2548,929548,145
2549,929549,278
2550,929550,255
2551,929551,121
2552,929552,199
2553,929553,180
2554,929554,3
2555,929555,3
2556,929556,3
2557,929557,3
2558,929558,3
2559,929559,3
2560,929560,167
2561,929561,142
2562,929562,218
2563,929563,122
2564,929564,3
2565,929565,62
2566,929566,117
2567,929567,107
2568,929568,32
2569,929569,26
2570,929570,45
2571,929571,99
2572,929572,94
2573,929573,69
2574,929574,3
2575,929575,3
2576,929576,3
2577,929577,3
2578,929578,3
2579,929579,3
2580,929580,165
2581,929581,197
2582,929582,170
2583,929583,87
2584,929584,160
2585,929585,164
2586,929586,99
2587,929587,5
2588,929588,8
2589,929589,98
2590,929590,63
2591,929591,11
2592,929592,72
2593,929593,3
2594,929594,4
2595,929595,3
2596,929596,3
2597,929597,3
2598,929598,4
2599,929599,6
2600,929600,180
2601,929601,256
2602,929602,176
2603,929603,74
2604,929604,34
2605,929605,70
2606,929606,102
2607,929607,62
2608,929608,129
2609,929609,124
2610,929610,218
2611,929611,26
2612,929612,40
2613,929613,3
2614,929614,3
2615,929615,3
2616,929616,3
2617,929617,3
2618,929618,3
2619,929619,221
2620,929620,128
2621,929621,227
2622,929622,165
2623,929623,104
2624,929624,90
2625,929625,48
2626,929626,106
2627,929627,44
2628,929628,42
2629,929629,25
2630,929630,32
2631,929631,1
2632,929632,3
2633,929633,3
2634,929634,3
2635,929635,3
2636,929636,3
2637,929637,3
2638,929638,3
2639,929639,133
2640,929640,78
2641,929641,202
2642,929642,103
2643,929643,91
2644,929644,1
2645,929645,7
2646,929646,34
2647,929647,54
2648,929648,72
2649,929649,71
2650,929650,73
2651,929651,85
2652,929652,3
2653,929653,3
2654,929654,3
2655,929655,4
2656,929656,3
2657,929657,3
2658,929658,7
2659,929659,206
2660,929660,163
2661,929661,186
2662,929662,181
2663,929663,120
2664,929664,104
2665,929665,1
2666,929666,41
2667,929667,174
2668,929668,168
2669,929669,141
2670,929670,89
2671,929671,6
2672,929672,3
2673,929673,3
2674,929674,3
2675,929675,3
2676,929676,3
2677,929677,3
2678,929678,167
2679,929679,167
2680,929680,109
2681,929681,157
2682,929682,12
2683,929683,99
2684,929684,22
2685,929685,2
2686,929686,30
2687,929687,69
2688,929688,35
2689,929689,46
2690,929690,51
2691,929691,3
2692,929692,3
2693,929693,3
2694,929694,3
2695,929695,3
2696,929696,3
2697,929697,3
2698,929698,177
2699,929699,417
2700,929700,152
2701,929701,149
2702,929702,170
2703,929703,280
2704,929704,230
2705,929705,159
2706,929706,111
2707,929707,1
2708,929708,1
2709,929709,4
2710,929710,39
2711,929711,68
2712,929712,50
2713,929713,3
2714,929714,4
2715,929715,3
2716,929716,3
2717,929717,3
2718,929718,3
2719,929719,19
2720,929720,128
2721,929721,107
2722,929722,201
2723,929723,221
2724,929724,288
2725,929725,276
2726,929726,227
2727,929727,136
2728,929728,148
2729,929729,112
2730,929730,164
2731,929731,125
2732,929732,84
2733,929733,3
2734,929734,3
2735,929735,3
2736,929736,3
2737,929737,3
2738,929738,3
2739,929739,282
2740,929740,228
2741,929741,244
2742,929742,210
2743,929743,59
2744,929744,1
2745,929745,21
2746,929746,7
2747,929747,78
2748,929748,7
2749,929749,19
2750,929750,160
2751,929751,174
2752,929752,3
2753,929753,3
2754,929754,3
2755,929755,3
2756,929756,3
2757,929757,3
2758,929758,3
2759,929759,146
2760,929760,95
2761,929761,126
2762,929762,126
2763,929763,165
2764,929764,112
2765,929765,137
2766,929766,134
2767,929767,159
2768,929768,223
2769,929769,167
2770,929770,151
2771,929771,98
2772,929772,3
2773,929773,3
2774,929774,3
2775,929775,3
2776,929776,3
2777,929777,4
2778,929778,143
2779,929779,185
2780,929780,153
2781,929781,284
2782,929782,171
2783,929783,232
2784,929784,152
2785,929785,130
2786,929786,60
2787,929787,98
2788,929788,80
2789,929789,48
2790,929790,7
2791,929791,27
2792,929792,3
2793,929793,3
2794,929794,3
2795,929795,3
2796,929796,3
2797,929797,4
2798,929798,67
2799,929799,130
2800,929800,79
2801,929801,208
2802,929802,230
2803,929803,127
2804,929804,64
2805,929805,49
2806,929806,149
2807,929807,138
2808,929808,73
2809,929809,7
2810,929810,33
2811,929811,3
2812,929812,3
2813,929813,3
2814,929814,3
2815,929815,3
2816,929816,3
2817,929817,20
2818,929818,199
2819,929819,181
2820,929820,152
2821,929821,31
2822,929822,86
2823,929823,175
2824,929824,78
2825,929825,27
2826,929826,82
2827,929827,68
2828,929828,54
2829,929829,62
2830,929830,28
2831,929831,3
2832,929832,3
2833,929833,3
2834,929834,3
2835,929835,3
2836,929836,3
2837,929837,270
2838,929838,250
2839,929839,197
2840,929840,157
2841,929841,161
2842,929842,147
2843,929843,96
2844,929844,297
2845,929845,328
2846,929846,134
2847,929847,34
2848,929848,1
2849,929849,1
2850,929850,3
2851,929851,3
2852,929852,3
2853,929853,3
2854,929854,4
2855,929855,3
2856,929856,3
2857,929857,155
2858,929858,165
2859,929859,51
2860,929860,174
2861,929861,121
2862,929862,97
2863,929863,40
2864,929864,84
2865,929865,95
2866,929866,65
2867,929867,1
2868,929868,1
2869,929869,1
2870,929870,3
2871,929871,3
2872,929872,3
2873,929873,4
2874,929874,3
2875,929875,3
2876,929876,231
2877,929877,144
2878,929878,279
2879,929879,198
2880,929880,4
2881,929881,72
2882,929882,36
2883,929883,1
2884,929884,1
2885,929885,7
2886,929886,60
2887,929887,224
2888,929888,252
2889,929889,80
2890,929890,3
2891,929891,3
2892,929892,3
2893,929893,3
2894,929894,3
2895,929895,3
2896,929896,182
2897,929897,176
2898,929898,178
2899,929899,135
2900,929900,27
2901,929901,4
2902,929902,52
2903,929903,79
2904,929904,40
2905,929905,115
2906,929906,70
2907,929907,54
2908,929908,52
2909,929909,3
2910,929910,3
2911,929911,3
2912,929912,3
2913,929913,3
2914,929914,3
2915,929915,188
2916,929916,288
2917,929917,215
2918,929918,5
2919,929919,123
2920,929920,171
2921,929921,184
2922,929922,106
2923,929923,1
2924,929924,1
2925,929925,36
2926,929926,57
2927,929927,15
2928,929928,23
2929,929929,3
2930,929930,3
2931,929931,3
2932,929932,3
2933,929933,14
2934,929934,217
2935,929935,131
2936,929936,159
2937,929937,197
2938,929938,85
2939,929939,77
2940,929940,134
2941,929941,104
2942,929942,223
2943,929943,179
2944,929944,212
2945,929945,1
2946,929946,1
2947,929947,3
2948,929948,3
2949,929949,3
2950,929950,3
2951,929951,263
2952,929952,230
2953,929953,201
2954,929954,174
2955,929955,1
2956,929956,89
2957,929957,1
2958,929958,1
2959,929959,1
2960,929960,1
2961,929961,52
2962,929962,154
2963,929963,195
2964,929964,4
2965,929965,3
2966,929966,3
2967,929967,4
2968,929968,3
2969,929969,137
2970,929970,179
2971,929971,206
2972,929972,92
2973,929973,189
2974,929974,173
2975,929975,188
2976,929976,173
2977,929977,156
2978,929978,124
2979,929979,91
2980,929980,103
2981,929981,70
2982,929982,3
2983,929983,3
2984,929984,3
2985,929985,3
2986,929986,3
2987,929987,254
2988,929988,236
2989,929989,215
2990,929990,91
2991,929991,115
2992,929992,48
2993,929993,21
2994,929994,58
2995,929995,11
2996,929996,2
2997,929997,69
2998,929998,92
2999,929999,46
3000,930000,1
3001,930001,3
3002,930002,3
3003,930003,3
3004,930004,3
3005,930005,3
3006,930006,181
3007,930007,425
3008,930008,213
3009,930009,164
3010,930010,253
3011,930011,124
3012,930012,164
3013,930013,118
3014,930014,41
3015,930015,86
3016,930016,105
3017,930017,81
3018,930018,51
3019,930019,55
3020,930020,5
3021,930021,4
3022,930022,3
3023,930023,4
3024,930024,4
3025,930025,3
3026,930026,237
3027,930027,234
3028,930028,177
3029,930029,101
3030,930030,32
3031,930031,70
3032,930032,169
3033,930033,74
3034,930034,1
3035,930035,10
3036,930036,17
3037,930037,15
3038,930038,1
3039,930039,4
3040,930040,3
3041,930041,3
3042,930042,3
3043,930043,3
3044,930044,3
3045,930045,174
3046,930046,166
3047,930047,177
3048,930048,40
3049,930049,1
3050,930050,1
3051,930051,6
3052,930052,109
3053,930053,285
3054,930054,322
3055,930055,229
3056,930056,246
3057,930057,243
3058,930058,3
3059,930059,3
3060,930060,3
3061,930061,3
3062,930062,3
3063,930063,158
3064,930064,106
3065,930065,116
3066,930066,78
3067,930067,176
3068,930068,108
3069,930069,1
3070,930070,1
3071,930071,88
3072,930072,123
3073,930073,89
3074,930074,1
3075,930075,1
3076,930076,3
3077,930077,4
3078,930078,3
3079,930079,3
3080,930080,71
3081,930081,153
3082,930082,164
3083,930083,104
3084,930084,139
3085,930085,156
3086,930086,125
3087,930087,1
3088,930088,1
3089,930089,4
3090,930090,2
3091,930091,3
3092,930092,1
3093,930093,66
3094,930094,4
3095,930095,3
3096,930096,3
3097,930097,3
3098,930098,3
3099,930099,200
3100,930100,231
3101,930101,162
3102,930102,93
3103,930103,126
3104,930104,166
3105,930105,186
3106,930106,173
3107,930107,109
3108,930108,106
3109,930109,102
3110,930110,96
3111,930111,59
3112,930112,3
3113,930113,3
3114,930114,3
3115,930115,4
3116,930116,3
3117,930117,10
3118,930118,258
3119,930119,3
3120,930120,4
3121,930121,3
3122,930122,4
3123,930123,3
3124,930124,4
3125,930125,59
3126,930126,59
3127,930127,59
3128,930128,57
3129,930129,57
3130,930130,58
3131,930131,59
3132,930132,58
3133,930133,57
3134,930134,60
3135,930135,57
3136,930136,58
3137,930137,37
3138,930138,37
3139,930139,39
3140,930140,37
3141,930141,38
3142,930142,36
3143,930143,37
3144,930144,37
3145,930145,37
3146,930146,37
3147,930147,38
3148,930148,38
3149,930149,37
3150,930150,38
3151,930151,37
3152,930152,267
3153,930153,95
3154,930154,112
3155,930155,124
3156,930156,122
3157,930157,109
3158,930158,90
3159,930159,46
3160,930160,44
3161,930161,83
3162,930162,139
3163,930163,40
3164,930164,35
3165,930165,88
3166,930166,36
3167,930167,99
3168,930168,35
3169,930169,101
3170,930170,36
3171,930171,97
3172,930172,35
3173,930173,92
3174,930174,34
3175,930175,84
3176,930176,37
3177,930177,78
3178,930178,38
3179,930179,76
3180,930180,35
3181,930181,168
3182,930182,217
3183,930183,58
3184,930184,37
3185,930185,98
3186,930186,259
3187,930187,37
3188,930188,94
3189,930189,35
3190,930190,93
3191,930191,34
3192,930192,86
3193,930193,34
3194,930194,77
3195,930195,74
3196,930196,119
3197,930197,118
3198,930198,151
3199,930199,219
3200,930200,237
3201,930201,250
3202,930202,136
3203,930203,105
3204,930204,108
3205,930205,106
3206,930206,105
3207,930207,105
3208,930208,100
3209,930209,100
3210,930210,101
3211,930211,101
3212,930212,100
3213,930213,98
3214,930214,97
3215,930215,98
3216,930216,98
3217,930217,96
3218,930218,97
3219,930219,97
3220,930220,95
3221,930221,97
3222,930222,94
3223,930223,96
3224,930224,93
3225,930225,96
3226,930226,94
3227,930227,140
3228,930228,141
3229,930229,149
3230,930230,144
3231,930231,136
3232,930232,157
3233,930233,149
3234,930234,139
3235,930235,174
3236,930236,156
3237,930237,185
3238,930238,190
3239,930239,193
3240,930240,181
3241,930241,187
3242,930242,189
3243,930243,207
3244,930244,207
3245,930245,212
3246,930246,208
3247,930247,132
3248,930248,151
3249,930249,143
3250,930250,139
3251,930251,146
3252,930252,143
3253,930253,138
3254,930254,143
3255,930255,142
3256,930256,138
3257,930257,143
3258,930258,143
3259,930259,135
3260,930260,142
3261,930261,187
3262,930262,214
3263,930263,211
3264,930264,216
3265,930265,221
3266,930266,226
3267,930267,235
3268,930268,236
3269,930269,239
3270,930270,249
3271,930271,198
3272,930272,173
3273,930273,176
3274,930274,173
3275,930275,173
3276,930276,174
3277,930277,172
3278,930278,172
3279,930279,174
3280,930280,172
3281,930281,171
3282,930282,174
3283,930283,172
3284,930284,173
3285,930285,229
3286,930286,255
3287,930287,249
3288,930288,263
3289,930289,259
3290,930290,267
3291,930291,272
3292,930292,278
3293,930293,279
3294,930294,291
3295,930295,295
3296,930296,292
3297,930297,299
3298,930298,303
3299,930299,312
3300,930300,317
3301,930301,325
3302,930302,324
3303,930303,326
3304,930304,336
3305,930305,349
3306,930306,341
3307,930307,356
3308,930308,290
3309,930309,253
3310,930310,244
3311,930311,250
3312,930312,255
3313,930313,255
3314,930314,248
3315,930315,243
3316,930316,243
3317,930317,248
3318,930318,254
3319,930319,255
3320,930320,249
3321,930321,242
3322,930322,238
3323,930323,246
3324,930324,251
3325,930325,250
3326,930326,249
3327,930327,248
3328,930328,241
3329,930329,247
3330,930330,249
3331,930331,249
3332,930332,4
3333,930333,84
3334,930334,89
3335,930335,97
3336,930336,102
3337,930337,115
3338,930338,124
3339,930339,126
3340,930340,139
3341,930341,150
3342,930342,148
3343,930343,160
3344,930344,154
3345,930345,185
3346,930346,261
3347,930347,277
3348,930348,289
3349,930349,322
3350,930350,311
3351,930351,17
3352,930352,18
3353,930353,14
3354,930354,15
3355,930355,17
3356,930356,13
3357,930357,74
3358,930358,9
3359,930359,35
3360,930360,30
3361,930361,1
3362,930362,39
3363,930363,3
3364,930364,4
3365,930365,3
3366,930366,3
3367,930367,3
3368,930368,3
3369,930369,3
3370,930370,185
3371,930371,185
3372,930372,425
3373,930373,103
3374,930374,44
3375,930375,15
3376,930376,35
3377,930377,56
3378,930378,23
3379,930379,35
3380,930380,44
3381,930381,19
3382,930382,29
3383,930383,53
3384,930384,53
3385,930385,20
3386,930386,8
3387,930387,9
3388,930388,9
3389,930389,9
3390,930390,9
3391,930391,185
3392,930392,426
3393,930393,200
3394,930394,106
3395,930395,119
3396,930396,78
3397,930397,79
3398,930398,64
3399,930399,95
3400,930400,70
3401,930401,139
3402,930402,152
3403,930403,55
3404,930404,41
3405,930405,119
3406,930406,27
3407,930407,8
3408,930408,9
3409,930409,9
3410,930410,8
3411,930411,9
3412,930412,206
3413,930413,205
3414,930414,422
3415,930415,139
3416,930416,118
3417,930417,146
3418,930418,144
3419,930419,46
3420,930420,160
3421,930421,153
3422,930422,149
3423,930423,150
3424,930424,129
3425,930425,52
3426,930426,79
3427,930427,245
3428,930428,6
3429,930429,9
3430,930430,8
3431,930431,8
3432,930432,8
3433,930433,136
3434,930434,186
3435,930435,427
3436,930436,152
3437,930437,193
3438,930438,111
3439,930439,58
3440,930440,57
3441,930441,45
3442,930442,30
3443,930443,74
3444,930444,40
3445,930445,128
3446,930446,173
3447,930447,178
3448,930448,177
3449,930449,9
3450,930450,9
3451,930451,3
3452,930452,3
3453,930453,3
3454,930454,3
3455,930455,640
3456,930456,145
3457,930457,194
3458,930458,101
3459,930459,143
3460,930460,88
3461,930461,124
3462,930462,222
3463,930463,32
3464,930464,76
3465,930465,116
3466,930466,76
3467,930467,177
3468,930468,153
3469,930469,3
3470,930470,3
3471,930471,14
3472,930472,14
3473,930473,14
3474,930474,192
3475,930475,151
3476,930476,168
3477,930477,126
3478,930478,77
3479,930479,113
3480,930480,164
3481,930481,256
3482,930482,184
3483,930483,133
3484,930484,133
3485,930485,4
3486,930486,3
3487,930487,3
3488,930488,4
3489,930489,3
3490,930490,3
3491,930491,3
3492,930492,227
3493,930493,96
3494,930494,113
3495,930495,98
3496,930496,69
3497,930497,58
3498,930498,89
3499,930499,239
3500,930500,91
3501,930501,74
3502,930502,3
3503,930503,4
3504,930504,3
3505,930505,3
3506,930506,3
3507,930507,3
3508,930508,178
3509,930509,178
3510,930510,177
3511,930511,208
3512,930512,215
3513,930513,70
3514,930514,102
3515,930515,334
3516,930516,158
3517,930517,196
3518,930518,200
3519,930519,130
3520,930520,149
3521,930521,3
3522,930522,4
3523,930523,3
3524,930524,3
3525,930525,4
3526,930526,3
3527,930527,297
3528,930528,188
3529,930529,389
3530,930530,168
3531,930531,117
3532,930532,67
3533,930533,66
3534,930534,85
3535,930535,88
3536,930536,127
3537,930537,3
3538,930538,3
3539,930539,4
3540,930540,3
3541,930541,3
3542,930542,3
3543,930543,3
3544,930544,182
3545,930545,301
3546,930546,222
3547,930547,155
3548,930548,96
3549,930549,82
3550,930550,40
3551,930551,160
3552,930552,93
3553,930553,56
3554,930554,3
3555,930555,3
3556,930556,3
3557,930557,3
3558,930558,3
3559,930559,3
3560,930560,337
3561,930561,187
3562,930562,113
3563,930563,304
3564,930564,124
3565,930565,55
3566,930566,106
3567,930567,79
3568,930568,92
3569,930569,146
3570,930570,75
3571,930571,3
3572,930572,3
3573,930573,3
3574,930574,3
3575,930575,3
3576,930576,3
3577,930577,224
3578,930578,223
3579,930579,423
3580,930580,136
3581,930581,434
3582,930582,73
3583,930583,206
3584,930584,90
3585,930585,129
3586,930586,213
3587,930587,290
3588,930588,97
3589,930589,219
3590,930590,198
3591,930591,3
3592,930592,3
3593,930593,3
3594,930594,3
3595,930595,3
3596,930596,3
3597,930597,187
3598,930598,123
3599,930599,44
3600,930600,94
3601,930601,112
3602,930602,42
3603,930603,204
3604,930604,209
3605,930605,34
3606,930606,65
3607,930607,59
3608,930608,60
3609,930609,61
3610,930610,62
3611,930611,60
3612,930612,60
3613,930613,61
3614,930614,60
3615,930615,60
3616,930616,61
3617,930617,62
3618,930618,60
3619,930619,48
3620,930620,41
3621,930621,38
3622,930622,38
3623,930623,38
3624,930624,38
3625,930625,37
3626,930626,38
3627,930627,39
3628,930628,36
3629,930629,40
3630,930630,39
3631,930631,38
3632,930632,38
3633,930633,38
3634,930634,364
3635,930635,45
3636,930636,153
3637,930637,161
3638,930638,118
3639,930639,55
3640,930640,39
3641,930641,35
3642,930642,97
3643,930643,112
3644,930644,47
3645,930645,37
3646,930646,119
3647,930647,37
3648,930648,99
3649,930649,39
3650,930650,88
3651,930651,42
3652,930652,82
3653,930653,43
3654,930654,81
3655,930655,42
3656,930656,194
3657,930657,59
3658,930658,55
3659,930659,82
3660,930660,38
3661,930661,94
3662,930662,37
3663,930663,90
3664,930664,35
3665,930665,96
3666,930666,36
3667,930667,99
3668,930668,36
3669,930669,97
3670,930670,35
3671,930671,93
3672,930672,37
3673,930673,83
3674,930674,40
3675,930675,73
3676,930676,41
3677,930677,70
3678,930678,42
3679,930679,69
3680,930680,68
3681,930681,102
3682,930682,134
3683,930683,162
3684,930684,212
3685,930685,220
3686,930686,239
3687,930687,142
3688,930688,110
3689,930689,113
3690,930690,110
3691,930691,111
3692,930692,103
3693,930693,102
3694,930694,102
3695,930695,102
3696,930696,98
3697,930697,100
3698,930698,99
3699,930699,98
3700,930700,98
3701,930701,98
3702,930702,97
3703,930703,96
3704,930704,98
3705,930705,97
3706,930706,97
3707,930707,96
3708,930708,97
3709,930709,97
3710,930710,95
3711,930711,97
3712,930712,135
3713,930713,143
3714,930714,151
3715,930715,154
3716,930716,152
3717,930717,150
3718,930718,152
3719,930719,158
3720,930720,180
3721,930721,168
3722,930722,178
3723,930723,189
3724,930724,188
3725,930725,184
3726,930726,194
3727,930727,195
3728,930728,203
3729,930729,212
3730,930730,214
3731,930731,212
3732,930732,150
3733,930733,151
3734,930734,148
3735,930735,145
3736,930736,150
3737,930737,146
3738,930738,145
3739,930739,148
3740,930740,146
3741,930741,143
3742,930742,148
3743,930743,145
3744,930744,142
3745,930745,147
3746,930746,209
3747,930747,214
3748,930748,217
3749,930749,222
3750,930750,228
3751,930751,231
3752,930752,240
3753,930753,241
3754,930754,250
3755,930755,254
3756,930756,182
3757,930757,182
3758,930758,179
3759,930759,181
3760,930760,181
3761,930761,180
3762,930762,181
3763,930763,180
3764,930764,179
3765,930765,179
3766,930766,180
3767,930767,179
3768,930768,178
3769,930769,179
3770,930770,176
3771,930771,272
3772,930772,260
3773,930773,261
3774,930774,277
3775,930775,283
3776,930776,284
3777,930777,286
3778,930778,292
3779,930779,292
3780,930780,304
3781,930781,307
3782,930782,311
3783,930783,318
3784,930784,319
3785,930785,322
3786,930786,330
3787,930787,337
3788,930788,341
3789,930789,349
3790,930790,349
3791,930791,352
3792,930792,363
3793,930793,369
3794,930794,245
3795,930795,257
3796,930796,257
3797,930797,257
3798,930798,262
3799,930799,263
3800,930800,257
3801,930801,256
3802,930802,256
3803,930803,259
3804,930804,259
3805,930805,261
3806,930806,259
3807,930807,258
3808,930808,255
3809,930809,256
3810,930810,257
3811,930811,261
3812,930812,261
3813,930813,257
3814,930814,253
3815,930815,254
3816,930816,254
3817,930817,258
3818,930818,3
3819,930819,3
3820,930820,3
3821,930821,3
3822,930822,3
3823,930823,3
3824,930824,3
3825,930825,3
3826,930826,3
3827,930827,3
3828,930828,3
3829,930829,3
3830,930830,3
3831,930831,3
3832,930832,3
3833,930833,3
3834,930834,3
3835,930835,3
3836,930836,3
3837,930837,3
3838,930838,8
3839,930839,185
3840,930840,185
3841,930841,342
3842,930842,107
3843,930843,52
3844,930844,28
3845,930845,22
3846,930846,24
3847,930847,10
3848,930848,6
3849,930849,37
3850,930850,50
3851,930851,6
3852,930852,9
3853,930853,13
3854,930854,10
3855,930855,9
3856,930856,9
3857,930857,9
3858,930858,9
3859,930859,192
3860,930860,191
3861,930861,418
3862,930862,55
3863,930863,137
3864,930864,69
3865,930865,101
3866,930866,28
3867,930867,56
3868,930868,35
3869,930869,6
3870,930870,15
3871,930871,68
3872,930872,36
3873,930873,48
3874,930874,14
3875,930875,58
3876,930876,9
3877,930877,9
3878,930878,9
3879,930879,9
3880,930880,189
3881,930881,237
3882,930882,117
3883,930883,166
3884,930884,162
3885,930885,122
3886,930886,140
3887,930887,98
3888,930888,211
3889,930889,95
3890,930890,146
3891,930891,156
3892,930892,153
3893,930893,92
3894,930894,181
3895,930895,178
3896,930896,8
3897,930897,9
3898,930898,9
3899,930899,9
3900,930900,115
3901,930901,187
3902,930902,421
3903,930903,132
3904,930904,250
3905,930905,234
3906,930906,155
3907,930907,123
3908,930908,218
3909,930909,140
3910,930910,149
3911,930911,86
3912,930912,252
3913,930913,191
3914,930914,177
3915,930915,194
3916,930916,178
3917,930917,9
3918,930918,8
3919,930919,9
3920,930920,9
3921,930921,155
3922,930922,313
3923,930923,245
3924,930924,178
3925,930925,165
3926,930926,44
3927,930927,180
3928,930928,64
3929,930929,198
3930,930930,116
3931,930931,191
3932,930932,3
3933,930933,3
3934,930934,3
3935,930935,3
3936,930936,167
3937,930937,298
3938,930938,184
3939,930939,155
3940,930940,157
3941,930941,115
3942,930942,114
3943,930943,159
3944,930944,67
3945,930945,154
3946,930946,3
3947,930947,3
3948,930948,3
3949,930949,3
3950,930950,3
3951,930951,250
3952,930952,245
3953,930953,149
3954,930954,100
3955,930955,150
3956,930956,24
3957,930957,201
3958,930958,151
3959,930959,132
3960,930960,221
3961,930961,4
3962,930962,3
3963,930963,3
3964,930964,3
3965,930965,3
3966,930966,181
3967,930967,183
3968,930968,419
3969,930969,148
3970,930970,64
3971,930971,43
3972,930972,203
3973,930973,59
3974,930974,105
3975,930975,86
3976,930976,18
3977,930977,82
3978,930978,32
3979,930979,3
3980,930980,3
3981,930981,3
3982,930982,3
3983,930983,3
3984,930984,162
3985,930985,144
3986,930986,112
3987,930987,152
3988,930988,211
3989,930989,189
3990,930990,147
3991,930991,221
3992,930992,116
3993,930993,79
3994,930994,3
3995,930995,3
3996,930996,3
3997,930997,3
3998,930998,3
3999,930999,71
4000,931000,316
4001,931001,222
4002,931002,197
4003,931003,85
4004,931004,172
4005,931005,190
4006,931006,149
4007,931007,181
4008,931008,65
4009,931009,269
4010,931010,3
4011,931011,3
4012,931012,3
4013,931013,3
4014,931014,3
4015,931015,146
4016,931016,241
4017,931017,171
4018,931018,169
4019,931019,225
4020,931020,159
4021,931021,24
4022,931022,111
4023,931023,104
4024,931024,4
4025,931025,3
4026,931026,3
4027,931027,3
4028,931028,3
4029,931029,3
4030,931030,3
4031,931031,180
4032,931032,424
4033,931033,200
4034,931034,159
4035,931035,95
4036,931036,127
4037,931037,97
4038,931038,45
4039,931039,135
4040,931040,222
4041,931041,76
4042,931042,13
4043,931043,3
4044,931044,3
4045,931045,3
4046,931046,3
4047,931047,3
4048,931048,207
4049,931049,189
4050,931050,216
4051,931051,60
4052,931052,63
4053,931053,62
4054,931054,61
4055,931055,61
4056,931056,62
4057,931057,61
4058,931058,61
4059,931059,60
4060,931060,61
4061,931061,61
4062,931062,60
4063,931063,59
4064,931064,45
4065,931065,38
4066,931066,40
4067,931067,39
4068,931068,40
4069,931069,38
4070,931070,40
4071,931071,40
4072,931072,40
4073,931073,39
4074,931074,39
4075,931075,39
4076,931076,41
4077,931077,39
4078,931078,41
4079,931079,102
4080,931080,58
4081,931081,142
4082,931082,37
4083,931083,44
4084,931084,38
4085,931085,36
4086,931086,35
4087,931087,37
4088,931088,37
4089,931089,129
4090,931090,53
4091,931091,148
4092,931092,122
4093,931093,64
4094,931094,37
4095,931095,70
4096,931096,61
4097,931097,42
4098,931098,50
4099,931099,54
4100,931100,51
4101,931101,67
4102,931102,62
4103,931103,54
4104,931104,68
4105,931105,67
4106,931106,46
4107,931107,89
4108,931108,41
4109,931109,85
4110,931110,42
4111,931111,85
4112,931112,139
4113,931113,50
4114,931114,69
4115,931115,87
4116,931116,37
4117,931117,449
4118,931118,68
4119,931119,52
4120,931120,64
4121,931121,53
4122,931122,97
4123,931123,114
4124,931124,143
4125,931125,161
4126,931126,255
4127,931127,258
4128,931128,254
4129,931129,110
4130,931130,115
4131,931131,113
4132,931132,112
4133,931133,110
4134,931134,107
4135,931135,105
4136,931136,105
4137,931137,102
4138,931138,103
4139,931139,103
4140,931140,103
4141,931141,101
4142,931142,100
4143,931143,101
4144,931144,101
4145,931145,100
4146,931146,100
4147,931147,100
4148,931148,99
4149,931149,100
4150,931150,100
4151,931151,99
4152,931152,100
4153,931153,136
4154,931154,148
4155,931155,158
4156,931156,142
4157,931157,175
4158,931158,157
4159,931159,139
4160,931160,152
4161,931161,192
4162,931162,180
4163,931163,189
4164,931164,169
4165,931165,175
4166,931166,180
4167,931167,200
4168,931168,194
4169,931169,208
4170,931170,201
4171,931171,204
4172,931172,213
4173,931173,164
4174,931174,148
4175,931175,147
4176,931176,154
4177,931177,146
4178,931178,146
4179,931179,152
4180,931180,146
4181,931181,144
4182,931182,151
4183,931183,146
4184,931184,144
4185,931185,150
4186,931186,145
4187,931187,144
4188,931188,210
4189,931189,217
4190,931190,222
4191,931191,225
4192,931192,232
4193,931193,236
4194,931194,243
4195,931195,244
4196,931196,249
4197,931197,254
4198,931198,183
4199,931199,177
4200,931200,177
4201,931201,177
4202,931202,176
4203,931203,178
4204,931204,176
4205,931205,176
4206,931206,175
4207,931207,175
4208,931208,176
4209,931209,176
4210,931210,176
4211,931211,176
4212,931212,296
4213,931213,250
4214,931214,264
4215,931215,269
4216,931216,275
4217,931217,276
4218,931218,280
4219,931219,286
4220,931220,299
4221,931221,299
4222,931222,307
4223,931223,311
4224,931224,316
4225,931225,319
4226,931226,322
4227,931227,331
4228,931228,332
4229,931229,338
4230,931230,344
4231,931231,348
4232,931232,352
4233,931233,363
4234,931234,365
4235,931235,199
4236,931236,265
4237,931237,260
4238,931238,267
4239,931239,268
4240,931240,260
4241,931241,256
4242,931242,254
4243,931243,260
4244,931244,267
4245,931245,265
4246,931246,257
4247,931247,255
4248,931248,255
4249,931249,260
4250,931250,268
4251,931251,264
4252,931252,258
4253,931253,252
4254,931254,250
4255,931255,258
4256,931256,265
4257,931257,262
4258,931258,256
4259,931259,3
4260,931260,3
4261,931261,3
4262,931262,3
4263,931263,3
4264,931264,3
4265,931265,3
4266,931266,4
4267,931267,3
4268,931268,3
4269,931269,3
4270,931270,3
4271,931271,3
4272,931272,3
4273,931273,4
4274,931274,3
4275,931275,4
4276,931276,3
4277,931277,3
4278,931278,3
4279,931279,3
4280,931280,20
4281,931281,180
4282,931282,417
4283,931283,92
4284,931284,34
4285,931285,36
4286,931286,36
4287,931287,25
4288,931288,12
4289,931289,7
4290,931290,44
4291,931291,74
4292,931292,26
4293,931293,16
4294,931294,18
4295,931295,46
4296,931296,9
4297,931297,9
4298,931298,9
4299,931299,9
4300,931300,184
4301,931301,184
4302,931302,421
4303,931303,143
4304,931304,100
4305,931305,67
4306,931306,48
4307,931307,60
4308,931308,10
4309,931309,10
4310,931310,45
4311,931311,67
4312,931312,28
4313,931313,52
4314,931314,104
4315,931315,97
4316,931316,8
4317,931317,8
4318,931318,9
4319,931319,8
4320,931320,181
4321,931321,422
4322,931322,208
4323,931323,189
4324,931324,95
4325,931325,159
4326,931326,143
4327,931327,119
4328,931328,93
4329,931329,172
4330,931330,138
4331,931331,61
4332,931332,155
4333,931333,194
4334,931334,93
4335,931335,9
4336,931336,9
4337,931337,9
4338,931338,3
4339,931339,9
4340,931340,116
4341,931341,182
4342,931342,423
4343,931343,166
4344,931344,143
4345,931345,96
4346,931346,195
4347,931347,190
4348,931348,140
4349,931349,168
4350,931350,144
4351,931351,98
4352,931352,62
4353,931353,11
4354,931354,67
4355,931355,26
4356,931356,3
4357,931357,3
4358,931358,3
4359,931359,14
4360,931360,14
4361,931361,14
4362,931362,256
4363,931363,214
4364,931364,207
4365,931365,157
4366,931366,177
4367,931367,84
4368,931368,153
4369,931369,17
4370,931370,163
4371,931371,18
4372,931372,73
4373,931373,138
4374,931374,42
4375,931375,9
4376,931376,9
4377,931377,9
4378,931378,9
4379,931379,8
4380,931380,12
4381,931381,270
4382,931382,273
4383,931383,112
4384,931384,200
4385,931385,298
4386,931386,184
4387,931387,205
4388,931388,179
4389,931389,188
4390,931390,134
4391,931391,125
4392,931392,55
4393,931393,154
4394,931394,14
4395,931395,14
4396,931396,14
4397,931397,14
4398,931398,244
4399,931399,158
4400,931400,254
4401,931401,125
4402,931402,158
4403,931403,156
4404,931404,324
4405,931405,202
4406,931406,68
4407,931407,220
4408,931408,3
4409,931409,3
4410,931410,3
4411,931411,3
4412,931412,3
4413,931413,3
4414,931414,3
4415,931415,179
4416,931416,421
4417,931417,202
4418,931418,254
4419,931419,263
4420,931420,273
4421,931421,126
4422,931422,260
4423,931423,270
4424,931424,285
4425,931425,128
4426,931426,243
4427,931427,3
4428,931428,3
4429,931429,3
4430,931430,3
4431,931431,3
4432,931432,3
4433,931433,8
4434,931434,253
4435,931435,51
4436,931436,161
4437,931437,100
4438,931438,191
4439,931439,259
4440,931440,248
4441,931441,214
4442,931442,256
4443,931443,159
4444,931444,3
4445,931445,3
4446,931446,3
4447,931447,3
4448,931448,3
4449,931449,3
4450,931450,169
4451,931451,175
4452,931452,512
4453,931453,453
4454,931454,247
4455,931455,329
4456,931456,210
4457,931457,158
4458,931458,86
4459,931459,211
4460,931460,3
4461,931461,3
4462,931462,3
4463,931463,3
4464,931464,3
4465,931465,3
4466,931466,54
4467,931467,130
4468,931468,306
4469,931469,60
4470,931470,208
4471,931471,68
4472,931472,115
4473,931473,155
4474,931474,30
4475,931475,171
4476,931476,260
4477,931477,3
4478,931478,3
4479,931479,3
4480,931480,3
4481,931481,3
4482,931482,3
4483,931483,182
4484,931484,181
4485,931485,177
4486,931486,150
4487,931487,165
4488,931488,421
4489,931489,1
4490,931490,102
4491,931491,23
4492,931492,39
4493,931493,15
4494,931494,129
4495,931495,184
4496,931496,3
4497,931497,3
4498,931498,3
4499,931499,3
4500,931500,3
4501,931501,3
4502,931502,246
4503,931503,45
4504,931504,63
4505,931505,2
4506,931506,48
4507,931507,110
4508,931508,62
4509,931509,142
4510,931510,66
4511,931511,33
4512,931512,4
4513,931513,3
4514,931514,3
4515,931515,3
4516,931516,3
4517,931517,3
4518,931518,3
4519,931519,215
4520,931520,228
4521,931521,66
4522,931522,61
4523,931523,61
4524,931524,63
4525,931525,61
4526,931526,61
4527,931527,62
4528,931528,62
4529,931529,62
4530,931530,62
4531,931531,61
4532,931532,62
4533,931533,61
4534,931534,62
4535,931535,61
4536,931536,61
4537,931537,60
4538,931538,43
4539,931539,40
4540,931540,42
4541,931541,40
4542,931542,39
4543,931543,38
4544,931544,39
4545,931545,38
4546,931546,39
4547,931547,38
4548,931548,39
4549,931549,39
4550,931550,39
4551,931551,38
4552,931552,40
4553,931553,189
4554,931554,114
4555,931555,142
4556,931556,104
4557,931557,116
4558,931558,136
4559,931559,114
4560,931560,67
4561,931561,40
4562,931562,37
4563,931563,108
4564,931564,61
4565,931565,37
4566,931566,121
4567,931567,39
4568,931568,116
4569,931569,37
4570,931570,103
4571,931571,38
4572,931572,102
4573,931573,36
4574,931574,98
4575,931575,35
4576,931576,95
4577,931577,35
4578,931578,89
4579,931579,35
4580,931580,88
4581,931581,37
4582,931582,141
4583,931583,35
4584,931584,107
4585,931585,68
4586,931586,223
4587,931587,109
4588,931588,37
4589,931589,97
4590,931590,37
4591,931591,107
4592,931592,37
4593,931593,113
4594,931594,35
4595,931595,112
4596,931596,36
4597,931597,107
4598,931598,37
4599,931599,102
4600,931600,36
4601,931601,98
4602,931602,35
4603,931603,92
4604,931604,37
4605,931605,84
4606,931606,36
4607,931607,81
4608,931608,36
4609,931609,81
4610,931610,36
4611,931611,83
4612,931612,50
4613,931613,32
4614,931614,114
4615,931615,128
4616,931616,266
4617,931617,250
4618,931618,298
4619,931619,69
4620,931620,101
4621,931621,123
4622,931622,123
4623,931623,126
4624,931624,123
4625,931625,121
4626,931626,119
4627,931627,118
4628,931628,116
4629,931629,117
4630,931630,117
4631,931631,117
4632,931632,116
4633,931633,115
4634,931634,119
4635,931635,114
4636,931636,114
4637,931637,114
4638,931638,113
4639,931639,113
4640,931640,113
4641,931641,113
4642,931642,113
4643,931643,114
4644,931644,178
4645,931645,151
4646,931646,153
4647,931647,161
4648,931648,165
4649,931649,159
4650,931650,158
4651,931651,168
4652,931652,193
4653,931653,170
4654,931654,198
4655,931655,188
4656,931656,187
4657,931657,201
4658,931658,204
4659,931659,198
4660,931660,207
4661,931661,217
4662,931662,220
4663,931663,221
4664,931664,119
4665,931665,162
4666,931666,157
4667,931667,152
4668,931668,157
4669,931669,156
4670,931670,153
4671,931671,156
4672,931672,156
4673,931673,152
4674,931674,155
4675,931675,157
4676,931676,151
4677,931677,156
4678,931678,154
4679,931679,229
4680,931680,228
4681,931681,233
4682,931682,237
4683,931683,242
4684,931684,245
4685,931685,250
4686,931686,253
4687,931687,262
4688,931688,267
4689,931689,181
4690,931690,191
4691,931691,187
4692,931692,187
4693,931693,188
4694,931694,188
4695,931695,187
4696,931696,187
4697,931697,186
4698,931698,186
4699,931699,187
4700,931700,186
4701,931701,187
4702,931702,186
4703,931703,265
4704,931704,263
4705,931705,267
4706,931706,282
4707,931707,285
4708,931708,278
4709,931709,285
4710,931710,298
4711,931711,308
4712,931712,303
4713,931713,314
4714,931714,325
4715,931715,327
4716,931716,327
4717,931717,327
4718,931718,344
4719,931719,343
4720,931720,342
4721,931721,347
4722,931722,360
4723,931723,373
4724,931724,363
4725,931725,374
4726,931726,289
4727,931727,281
4728,931728,272
4729,931729,266
4730,931730,262
4731,931731,273
4732,931732,278
4733,931733,277
4734,931734,271
4735,931735,264
4736,931736,261
4737,931737,269
4738,931738,276
4739,931739,276
4740,931740,356
4741,931741,344
4742,931742,345
4743,931743,365
4744,931744,356
4745,931745,357
4746,931746,372
4747,931747,377
4748,931748,366
4749,931749,371
4750,931750,370
4751,931751,377
4752,931752,382
4753,931753,398
4754,931754,385
4755,931755,403
4756,931756,410
4757,931757,405
4758,931758,405
4759,931759,307
4760,931760,319
4761,931761,321
4762,931762,314
4763,931763,316
4764,931764,320
4765,931765,314
4766,931766,314
4767,931767,317
4768,931768,317
4769,931769,313
4770,931770,316
4771,931771,315
4772,931772,387
4773,931773,390
4774,931774,398
4775,931775,397
4776,931776,394
4777,931777,411
4778,931778,391
4779,931779,418
4780,931780,411
4781,931781,400
4782,931782,407
4783,931783,412
4784,931784,409
4785,931785,413
4786,931786,424
4787,931787,440
4788,931788,424
4789,931789,443
4790,931790,434
4791,931791,451
4792,931792,378
4793,931793,376
4794,931794,387
4795,931795,367
4796,931796,373
4797,931797,385
4798,931798,362
4799,931799,374
4800,931800,384
4801,931801,364
4802,931802,379
4803,931803,381
4804,931804,411
4805,931805,437
4806,931806,449
4807,931807,462
4808,931808,463
4809,931809,464
4810,931810,453
4811,931811,451
4812,931812,475
4813,931813,462
4814,931814,482
4815,931815,470
4816,931816,493
4817,931817,490
4818,931818,478
4819,931819,483
4820,931820,481
4821,931821,493
4822,931822,504
4823,931823,516
4824,931824,396
4825,931825,430
4826,931826,443
4827,931827,422
4828,931828,425
4829,931829,444
4830,931830,418
4831,931831,423
4832,931832,439
4833,931833,423
4834,931834,427
4835,931835,441
4836,931836,425
4837,931837,425
4838,931838,442
4839,931839,422
4840,931840,427
4841,931841,440
4842,931842,420
4843,931843,421
4844,931844,436
4845,931845,419
4846,931846,424
4847,931847,443
4848,931848,420
4849,931849,419
4850,931850,436
4851,931851,421
4852,931852,421
4853,931853,437
4854,931854,419
4855,931855,418
4856,931856,436
4857,931857,424
4858,931858,425
4859,931859,436
4860,931860,417
4861,931861,430
4862,931862,438
4863,931863,418
4864,931864,425
4865,931865,433
4866,931866,420
4867,931867,423
4868,931868,435
4869,931869,414
4870,931870,424
4871,931871,432
4872,931872,413
4873,931873,411
4874,931874,440
4875,931875,419
4876,931876,423
4877,931877,433
4878,931878,417
4879,931879,419
4880,931880,435
4881,931881,418
4882,931882,420
4883,931883,433
4884,931884,419
4885,931885,422
4886,931886,428
4887,931887,420
4888,931888,419
4889,931889,431
4890,931890,417
4891,931891,416
4892,931892,431
4893,931893,417
4894,931894,422
4895,931895,431
4896,931896,419
4897,931897,428
4898,931898,428
4899,931899,412
4900,931900,423
4901,931901,432
4902,931902,410
4903,931903,423
4904,931904,431
4905,931905,416
4906,931906,425
4907,931907,429
4908,931908,412
4909,931909,424
4910,931910,434
4911,931911,412
4912,931912,424
4913,931913,432
4914,931914,407
4915,931915,419
4916,931916,427
4917,931917,408
4918,931918,423
4919,931919,428
4920,931920,409
4921,931921,424
4922,931922,430
4923,931923,412
4924,931924,422
4925,931925,432
4926,931926,415
4927,931927,423
4928,931928,431
4929,931929,413
4930,931930,417
4931,931931,427
4932,931932,416
4933,931933,420
4934,931934,432
4935,931935,413
4936,931936,420
4937,931937,429
4938,931938,414
4939,931939,417
4940,931940,431
4941,931941,410
4942,931942,415
4943,931943,434
4944,931944,405
4945,931945,419
4946,931946,430
4947,931947,416
4948,931948,414
4949,931949,430
4950,931950,422
4951,931951,418
4952,931952,430
4953,931953,409
4954,931954,419
4955,931955,423
4956,931956,411
4957,931957,417
4958,931958,427
4959,931959,411
4960,931960,413
4961,931961,432
4962,931962,418
4963,931963,417
4964,931964,431
4965,931965,416
4966,931966,418
4967,931967,430
4968,931968,414
4969,931969,419
4970,931970,431
4971,931971,416
4972,931972,415
4973,931973,429
4974,931974,412
4975,931975,417
4976,931976,429
4977,931977,408
4978,931978,417
4979,931979,427
4980,931980,410
4981,931981,416
4982,931982,425
4983,931983,413
4984,931984,412
4985,931985,427
4986,931986,413
4987,931987,418
4988,931988,423
4989,931989,410
4990,931990,414
4991,931991,426
4992,931992,410
4993,931993,413
4994,931994,426
4995,931995,410
4996,931996,409
4997,931997,427
4998,931998,412
4999,931999,425
5000,932000,427
5001,932001,409
5002,932002,409
5003,932003,429
5004,932004,416
5005,932005,416
5006,932006,432
5007,932007,419
5008,932008,420
5009,932009,424
5010,932010,416
5011,932011,410
5012,932012,422
5013,932013,409
5014,932014,423
5015,932015,428
5016,932016,379
5017,932017,382
5018,932018,389
5019,932019,367
5020,932020,381
5021,932021,390
5022,932022,372
5023,932023,377
5024,932024,388
5025,932025,368
5026,932026,381
5027,932027,393
5028,932028,367
5029,932029,381
5030,932030,387
5031,932031,370
5032,932032,380
5033,932033,390
5034,932034,373
5035,932035,382
5036,932036,388
5037,932037,365
5038,932038,380
5039,932039,391
5040,932040,370
5041,932041,371
5042,932042,387
5043,932043,372
5044,932044,374
5045,932045,388
5046,932046,371
5047,932047,380
5048,932048,387
5049,932049,367
5050,932050,381
5051,932051,387
5052,932052,377
5053,932053,372
5054,932054,388
5055,932055,368
5056,932056,382
5057,932057,389
5058,932058,367
5059,932059,376
5060,932060,388
5061,932061,373
5062,932062,381
5063,932063,386
5064,932064,370
5065,932065,378
5066,932066,387
5067,932067,373
5068,932068,373
5069,932069,390
5070,932070,370
5071,932071,373
5072,932072,386
5073,932073,372
5074,932074,376
5075,932075,383
5076,932076,372
5077,932077,371
5078,932078,385
5079,932079,370
5080,932080,371
5081,932081,383
5082,932082,371
5083,932083,384
5084,932084,388
5085,932085,371
5086,932086,3
5087,932087,3
5088,932088,3
5089,932089,3
5090,932090,3
5091,932091,3
5092,932092,3
5093,932093,3
5094,932094,3
5095,932095,3
5096,932096,3
5097,932097,3
5098,932098,3
5099,932099,3
5100,932100,3
5101,932101,3
5102,932102,3
5103,932103,3
5104,932104,3
5105,932105,3
5106,932106,3
5107,932107,3
5108,932108,3
5109,932109,4
5110,932110,3
5111,932111,3
5112,932112,3
5113,932113,3
5114,932114,3
5115,932115,3
5116,932116,8
5117,932117,172
5118,932118,407
5119,932119,175
5120,932120,44
5121,932121,34
5122,932122,14
5123,932123,27
5124,932124,16
5125,932125,4
5126,932126,16
5127,932127,41
5128,932128,3
5129,932129,3
5130,932130,3
5131,932131,3
5132,932132,3
5133,932133,3
5134,932134,3
5135,932135,3
5136,932136,3
5137,932137,3
5138,932138,3
5139,932139,3
5140,932140,5
5141,932141,174
5142,932142,409
5143,932143,82
5144,932144,30
5145,932145,28
5146,932146,24
5147,932147,37
5148,932148,31
5149,932149,16
5150,932150,2
5151,932151,25
5152,932152,3
5153,932153,3
5154,932154,3
5155,932155,3
5156,932156,3
5157,932157,3
5158,932158,3
5159,932159,3
5160,932160,3
5161,932161,3
5162,932162,3
5163,932163,3
5164,932164,170
5165,932165,173
5166,932166,372
5167,932167,101
5168,932168,7
5169,932169,18
5170,932170,29
5171,932171,16
5172,932172,48
5173,932173,39
5174,932174,1
5175,932175,3
5176,932176,3
5177,932177,3
5178,932178,3
5179,932179,3
5180,932180,3
5181,932181,3
5182,932182,2
5183,932183,2
5184,932184,2
5185,932185,2
5186,932186,2
5187,932187,2
5188,932188,2
5189,932189,2
5190,932190,2
5191,932191,2
5192,932192,2
5193,932193,2
5194,932194,2
5195,932195,2
5196,932196,2
5197,932197,2
5198,932198,2
5199,932199,2
5200,932200,2
5201,932201,2
5202,932202,2
5203,932203,2
5204,932204,2
5205,932205,2
5206,932206,2
5207,932207,2
5208,932208,2
5209,932209,2
5210,932210,2
5211,932211,2
5212,932212,2
5213,932213,3
5214,932214,2
5215,932215,2
5216,932216,2
5217,932217,2
5218,932218,2
5219,932219,2
5220,932220,2
5221,932221,2
5222,932222,2
5223,932223,2
5224,932224,2
5225,932225,2
5226,932226,2
5227,932227,2
5228,932228,2
5229,932229,2
5230,932230,2
5231,932231,2
5232,932232,2
5233,932233,2
5234,932234,2
5235,932235,2
5236,932236,2
5237,932237,2
5238,932238,3
5239,932239,2
5240,932240,2
5241,932241,2
5242,932242,2
5243,932243,2
5244,932244,2
5245,932245,2
5246,932246,2
5247,932247,2
5248,932248,2
5249,932249,2
5250,932250,2
5251,932251,2
5252,932252,2
5253,932253,2
5254,932254,2
5255,932255,2
5256,932256,2
5257,932257,2
5258,932258,2
5259,932259,2
5260,932260,2
5261,932261,2
5262,932262,2
5263,932263,2
5264,932264,2
5265,932265,2
5266,932266,2
5267,932267,2
5268,932268,2
5269,932269,2
5270,932270,2
5271,932271,2
5272,932272,2
5273,932273,2
5274,932274,2
5275,932275,2
5276,932276,2
5277,932277,2
5278,932278,2
5279,932279,2
5280,932280,2
5281,932281,2
5282,932282,2
5283,932283,2
5284,932284,2
5285,932285,2
5286,932286,2
5287,932287,2
5288,932288,2
5289,932289,2
5290,932290,2
5291,932291,2
5292,932292,2
5293,932293,2
5294,932294,2
5295,932295,2
5296,932296,2
5297,932297,2
5298,932298,2
5299,932299,2
5300,932300,2
5301,932301,2
5302,932302,2
5303,932303,2
5304,932304,2
5305,932305,2
5306,932306,2
5307,932307,2
5308,932308,2
5309,932309,2
5310,932310,2
5311,932311,2
5312,932312,2
5313,932313,2
5314,932314,2
5315,932315,2
5316,932316,2
5317,932317,2
5318,932318,2
5319,932319,2
5320,932320,2
5321,932321,2
5322,932322,2
5323,932323,2
5324,932324,2
5325,932325,2
5326,932326,2
5327,932327,2
5328,932328,3
5329,932329,2
5330,932330,2
5331,932331,2
5332,932332,2
5333,932333,2
5334,932334,2
5335,932335,2
5336,932336,2
5337,932337,2
5338,932338,2
5339,932339,2
5340,932340,2
5341,932341,2
5342,932342,2
5343,932343,3
5344,932344,2
5345,932345,2
5346,932346,2
5347,932347,2
5348,932348,2
5349,932349,2
5350,932350,2
5351,932351,2
5352,932352,3
5353,932353,2
5354,932354,2
5355,932355,2
5356,932356,2
5357,932357,2
5358,932358,2
5359,932359,2
5360,932360,2
5361,932361,2
5362,932362,2
5363,932363,2
5364,932364,2
5365,932365,2
5366,932366,2
5367,932367,2
5368,932368,2
5369,932369,2
5370,932370,2
5371,932371,2
5372,932372,2
5373,932373,2
5374,932374,2
5375,932375,2
5376,932376,2
5377,932377,2
5378,932378,2
5379,932379,2
5380,932380,2
5381,932381,2
5382,932382,2
5383,932383,2
5384,932384,2
5385,932385,2
5386,932386,2
5387,932387,2
5388,932388,2
5389,932389,2
5390,932390,2
5391,932391,2
5392,932392,2
5393,932393,2
5394,932394,3
5395,932395,2
5396,932396,2
5397,932397,2
5398,932398,2
5399,932399,2
5400,932400,2
5401,932401,2
5402,932402,2
5403,932403,2
5404,932404,2
5405,932405,2
5406,932406,2
5407,932407,2
5408,932408,2
5409,932409,2
5410,932410,2
5411,932411,2
5412,932412,2
5413,932413,2
5414,932414,2
5415,932415,2
5416,932416,2
5417,932417,2
5418,932418,2
5419,932419,2
5420,932420,2
5421,932421,2
5422,932422,2
5423,932423,2
5424,932424,2
5425,932425,2
5426,932426,11
5427,932427,2
5428,932428,2
5429,932429,2
5430,932430,2
5431,932431,2
5432,932432,2
5433,932433,2
5434,932434,2
5435,932435,2
5436,932436,2
5437,932437,2
5438,932438,2
5439,932439,2
5440,932440,2
5441,932441,2
5442,932442,2
5443,932443,2
5444,932444,2
5445,932445,3
5446,932446,2
5447,932447,2
5448,932448,2
5449,932449,2
5450,932450,2
5451,932451,2
5452,932452,2
5453,932453,2
5454,932454,2
5455,932455,2
5456,932456,2
5457,932457,2
5458,932458,2
5459,932459,2
5460,932460,2
5461,932461,2
5462,932462,2
5463,932463,2
5464,932464,2
5465,932465,2
5466,932466,2
5467,932467,2
5468,932468,2
5469,932469,2
5470,932470,2
5471,932471,2
5472,932472,2
5473,932473,2
5474,932474,2
5475,932475,2
5476,932476,2
5477,932477,2
5478,932478,2
5479,932479,2
5480,932480,2
5481,932481,2
5482,932482,2
5483,932483,2
5484,932484,2
5485,932485,2
5486,932486,2
5487,932487,2
5488,932488,2
5489,932489,3
5490,932490,2
5491,932491,2
5492,932492,3
5493,932493,2
5494,932494,2
5495,932495,2
5496,932496,2
5497,932497,2
5498,932498,2
5499,932499,2
5500,932500,2
5501,932501,2
5502,932502,2
5503,932503,2
5504,932504,2
5505,932505,2
5506,932506,2
5507,932507,2
5508,932508,2
5509,932509,2
5510,932510,2
5511,932511,2
5512,932512,7
5513,932513,2
5514,932514,2
5515,932515,2
5516,932516,2
5517,932517,2
5518,932518,2
5519,932519,2
5520,932520,2
5521,932521,2
5522,932522,2
5523,932523,2
5524,932524,2
5525,932525,2
5526,932526,2
5527,932527,2
5528,932528,2
5529,932529,2
5530,932530,2
5531,932531,2
5532,932532,2
5533,932533,2
5534,932534,2
5535,932535,2
5536,932536,2
5537,932537,2
5538,932538,3
5539,932539,2
5540,932540,2
5541,932541,2
5542,932542,2
5543,932543,2
5544,932544,2
5545,932545,2
5546,932546,2
5547,932547,2
5548,932548,2
5549,932549,2
5550,932550,2
5551,932551,2
5552,932552,2
5553,932553,2
5554,932554,2
5555,932555,2
5556,932556,2
5557,932557,2
5558,932558,2
5559,932559,2
5560,932560,2
5561,932561,2
5562,932562,2
5563,932563,2
5564,932564,2
5565,932565,3
5566,932566,2
5567,932567,2
5568,932568,2
5569,932569,2
5570,932570,2
5571,932571,2
5572,932572,2
5573,932573,2
5574,932574,2
5575,932575,2
5576,932576,2
5577,932577,2
5578,932578,2
5579,932579,2
5580,932580,2
5581,932581,2
5582,932582,2
5583,932583,2
5584,932584,2
5585,932585,2
5586,932586,2
5587,932587,2
5588,932588,2
5589,932589,2
5590,932590,2
5591,932591,2
5592,932592,2
5593,932593,2
5594,932594,2
5595,932595,2
5596,932596,2
5597,932597,2
5598,932598,2
5599,932599,2
5600,932600,2
5601,932601,2
5602,932602,3
5603,932603,2
5604,932604,3
5605,932605,2
5606,932606,2
5607,932607,2
5608,932608,2
5609,932609,2
5610,932610,2
5611,932611,2
5612,932612,2
5613,932613,2
5614,932614,2
5615,932615,2
5616,932616,2
5617,932617,2
5618,932618,2
5619,932619,2
5620,932620,2
5621,932621,2
5622,932622,2
5623,932623,2
5624,932624,2
5625,932625,2
5626,932626,2
5627,932627,2
5628,932628,2
5629,932629,2
5630,932630,2
5631,932631,2
5632,932632,2
5633,932633,2
5634,932634,2
5635,932635,2
5636,932636,2
5637,932637,2
5638,932638,2
5639,932639,2
5640,932640,2
5641,932641,3
5642,932642,2
5643,932643,2
5644,932644,2
5645,932645,2
5646,932646,2
5647,932647,2
5648,932648,2
5649,932649,2
5650,932650,2
5651,932651,2
5652,932652,2
5653,932653,2
5654,932654,2
5655,932655,2
5656,932656,2
5657,932657,2
5658,932658,2
5659,932659,2
5660,932660,2
5661,932661,2
5662,932662,2
5663,932663,2
5664,932664,2
5665,932665,2
5666,932666,2
5667,932667,2
5668,932668,2
5669,932669,2
5670,932670,2
5671,932671,2
5672,932672,2
5673,932673,2
5674,932674,3
5675,932675,2
5676,932676,2
5677,932677,3
5678,932678,2
5679,932679,2
5680,932680,2
5681,932681,2
5682,932682,2
5683,932683,2
5684,932684,2
5685,932685,2
5686,932686,2
5687,932687,2
5688,932688,2
5689,932689,2
5690,932690,2
5691,932691,2
5692,932692,2
5693,932693,2
5694,932694,2
5695,932695,2
5696,932696,2
5697,932697,2
5698,932698,2
5699,932699,2
5700,932700,2
5701,932701,2
5702,932702,2
5703,932703,2
5704,932704,2
5705,932705,2
5706,932706,2
5707,932707,2
5708,932708,2
5709,932709,2
5710,932710,2
5711,932711,2
5712,932712,2
5713,932713,2
5714,932714,2
5715,932715,2
5716,932716,2
5717,932717,2
5718,932718,2
5719,932719,2
5720,932720,2
5721,932721,2
5722,932722,2
5723,932723,2
5724,932724,2
5725,932725,2
5726,932726,2
5727,932727,2
5728,932728,2
5729,932729,2
5730,932730,2
5731,932731,2
5732,932732,2
5733,932733,2
5734,932734,2
5735,932735,2
5736,932736,2
5737,932737,2
5738,932738,2
5739,932739,2
5740,932740,2
5741,932741,2
5742,932742,2
5743,932743,2
5744,932744,2
5745,932745,2
5746,932746,2
5747,932747,2
5748,932748,2
5749,932749,2
5750,932750,2
5751,932751,2
5752,932752,3
5753,932753,2
5754,932754,2
5755,932755,2
5756,932756,2
5757,932757,3
5758,932758,2
5759,932759,2
5760,932760,2
5761,932761,3
5762,932762,2
5763,932763,2
5764,932764,2
5765,932765,2
5766,932766,2
5767,932767,2
5768,932768,2
5769,932769,2
5770,932770,2
5771,932771,2
5772,932772,2
5773,932773,2
5774,932774,2
5775,932775,2
5776,932776,2
5777,932777,2
5778,932778,2
5779,932779,2
5780,932780,2
5781,932781,2
5782,932782,3
5783,932783,2
5784,932784,2
5785,932785,2
5786,932786,2
5787,932787,2
5788,932788,2
5789,932789,2
5790,932790,2
5791,932791,2
5792,932792,2
5793,932793,2
5794,932794,3
5795,932795,2
5796,932796,2
5797,932797,2
5798,932798,2
5799,932799,2
5800,932800,2
5801,932801,2
5802,932802,2
5803,932803,2
5804,932804,2
5805,932805,2
5806,932806,2
5807,932807,3
5808,932808,2
5809,932809,2
5810,932810,2
5811,932811,2
5812,932812,2
5813,932813,2
5814,932814,2
5815,932815,2
5816,932816,2
5817,932817,2
5818,932818,2
5819,932819,2
5820,932820,2
5821,932821,2
5822,932822,2
5823,932823,2
5824,932824,2
5825,932825,2
5826,932826,2
5827,932827,2
5828,932828,2
5829,932829,2
5830,932830,2
5831,932831,2
5832,932832,2
5833,932833,2
5834,932834,2
5835,932835,2
5836,932836,2
5837,932837,2
5838,932838,3
5839,932839,2
5840,932840,2
5841,932841,2
5842,932842,2
5843,932843,2
5844,932844,3
5845,932845,2
5846,932846,2
5847,932847,2
5848,932848,2
5849,932849,2
5850,932850,2
5851,932851,2
5852,932852,2
5853,932853,3
5854,932854,2
5855,932855,2
5856,932856,2
5857,932857,2
5858,932858,2
5859,932859,2
5860,932860,2
5861,932861,2
5862,932862,2
5863,932863,2
5864,932864,2
5865,932865,2
5866,932866,2
5867,932867,2
5868,932868,2
5869,932869,2
5870,932870,2
5871,932871,2
5872,932872,2
5873,932873,2
5874,932874,2
5875,932875,2
5876,932876,2
5877,932877,2
5878,932878,3
5879,932879,2
5880,932880,2
5881,932881,3
5882,932882,2
5883,932883,2
5884,932884,2
5885,932885,3
5886,932886,2
5887,932887,2
5888,932888,2
5889,932889,2
5890,932890,2
5891,932891,2
5892,932892,2
5893,932893,2
5894,932894,2
5895,932895,2
5896,932896,2
5897,932897,2
5898,932898,2
5899,932899,2
5900,932900,3
5901,932901,2
5902,932902,2
5903,932903,2
5904,932904,2
5905,932905,2
5906,932906,2
5907,932907,3
5908,932908,2
5909,932909,2
5910,932910,3
5911,932911,2
5912,932912,2
5913,932913,2
5914,932914,2
5915,932915,2
5916,932916,2
5917,932917,2
5918,932918,2
5919,932919,2
5920,932920,2
5921,932921,2
5922,932922,2
5923,932923,2
5924,932924,2
5925,932925,2
5926,932926,2
5927,932927,2
5928,932928,2
5929,932929,2
5930,932930,2
5931,932931,2
5932,932932,2
5933,932933,2
5934,932934,2
5935,932935,2
5936,932936,2
5937,932937,2
5938,932938,2
5939,932939,2
5940,932940,2
5941,932941,2
5942,932942,2
5943,932943,2
5944,932944,2
5945,932945,2
5946,932946,3
5947,932947,2
5948,932948,2
5949,932949,2
5950,932950,2
5951,932951,2
5952,932952,2
5953,932953,3
5954,932954,2
5955,932955,3
5956,932956,2
5957,932957,2
5958,932958,2
5959,932959,2
5960,932960,2
5961,932961,2
5962,932962,2
5963,932963,2
5964,932964,2
5965,932965,2
5966,932966,2
5967,932967,2
5968,932968,2
5969,932969,2
5970,932970,2
5971,932971,2
5972,932972,2
5973,932973,2
5974,932974,2
5975,932975,1
5976,932976,2
5977,932977,3
5978,932978,2
5979,932979,2
5980,932980,2
5981,932981,2
5982,932982,2
5983,932983,2
5984,932984,2
5985,932985,2
5986,932986,2
5987,932987,2
5988,932988,2
5989,932989,2
5990,932990,2
5991,932991,2
5992,932992,2
5993,932993,2
5994,932994,2
5995,932995,4
5996,932996,2
5997,932997,2
5998,932998,2
5999,932999,2
